Timestamp,PacketId,MissionTime,ErrorCode,Altitude,Pressure,Temperature,Voltage,GpsLatitude,GpsLongitude,GpsAltitude,DescentRate,PayloadAltitude,PayloadTemperature,PayloadVoltage,PayloadGpsLatitude,PayloadGpsLongitude,PayloadGpsAltitude,PayloadSeparationSuccess,PayloadStatus,Roll,Pitch,Yaw,EmergencyParachuteActive
2026-06-07T12:52:14.012Z,1,00:00:00,0000,0.00,101325.00,27.89,12.04,28.535798,77.391321,0.00,44.64,0.00,29.21,11.90,28.535080,77.390766,-0.74,0,Attached,5.08,2.58,2.37,0
2026-06-07T12:52:14.512Z,2,00:00:0.5,0000,2.12,101299.48,28.92,11.97,28.535734,77.390691,2.12,45.32,3.39,28.57,11.86,28.535392,77.391473,5.04,0,Attached,2.26,-4.14,7.85,0
2026-06-07T12:52:15.011Z,3,00:00:01,0000,6.00,101252.84,27.39,12.03,28.535386,77.390874,6.00,47.33,7.73,25.56,11.78,28.535829,77.390834,8.94,0,Attached,-9.82,-2.15,1.66,0
2026-06-07T12:52:15.511Z,4,00:00:1.5,0000,11.02,101192.47,28.62,11.96,28.535595,77.390746,11.02,50.00,1.70,28.62,11.79,28.535579,77.391127,0.55,0,Attached,4.87,1.55,-2.37,0
2026-06-07T12:52:16.010Z,5,00:00:02,0000,16.97,101121.03,28.42,12.00,28.535472,77.390787,16.97,43.84,21.79,27.96,11.73,28.535100,77.391414,22.84,0,Attached,5.41,1.05,-4.23,0
2026-06-07T12:52:16.508Z,6,00:00:2.5,0000,23.71,101040.05,27.54,12.01,28.535748,77.390625,23.71,45.59,31.47,26.66,11.86,28.535972,77.390997,29.10,0,Attached,-3.50,2.13,7.64,0
2026-06-07T12:52:17.011Z,7,00:00:03,0000,31.17,100950.59,27.91,12.05,28.535176,77.391477,31.17,44.77,42.09,27.67,11.92,28.535567,77.391407,41.76,0,Attached,-5.44,2.78,10.01,0
2026-06-07T12:52:17.506Z,8,00:00:3.5,0000,39.28,100853.42,27.47,12.02,28.535772,77.391226,39.28,49.24,30.42,28.59,11.90,28.535915,77.390556,28.72,0,Attached,-9.89,-3.41,3.85,0
2026-06-07T12:52:18.007Z,9,00:00:04,0000,48.00,100749.14,28.45,11.96,28.535306,77.390971,48.00,46.79,47.59,29.47,11.80,28.535589,77.390591,50.02,0,Attached,-2.11,-4.30,13.86,0
2026-06-07T12:52:18.505Z,10,00:00:4.5,0000,57.27,100638.23,27.70,11.95,28.535651,77.390952,57.27,46.58,64.13,26.00,11.69,28.535149,77.390831,64.89,0,Attached,-3.23,3.22,17.07,0
2026-06-07T12:52:19.004Z,11,00:00:05,0000,67.08,100521.12,27.23,11.99,28.535581,77.391018,67.08,48.03,56.34,26.61,11.82,28.535160,77.391377,54.76,0,Attached,-3.72,-2.03,2.37,0
2026-06-07T12:52:19.505Z,12,00:00:5.5,0000,77.38,100398.14,27.75,11.95,28.535505,77.390828,77.38,44.96,74.53,28.03,11.75,28.535084,77.390769,74.51,0,Attached,1.74,-3.36,11.06,0
2026-06-07T12:52:20.005Z,13,00:00:06,0000,88.17,100269.59,27.47,12.04,28.536016,77.391230,88.17,46.48,79.44,28.73,11.91,28.535406,77.391335,79.42,0,Attached,-0.04,-4.30,12.01,0
2026-06-07T12:52:20.505Z,14,00:00:6.5,0000,99.42,100135.75,27.95,11.96,28.535810,77.391309,99.42,49.87,87.53,29.41,11.73,28.535394,77.391258,86.07,0,Attached,9.31,-4.84,5.31,0
2026-06-07T12:52:21.004Z,15,00:00:07,0000,111.11,99996.84,27.66,11.96,28.535590,77.390872,111.11,45.05,119.10,27.28,11.72,28.535518,77.391470,118.11,0,Attached,-4.49,-3.97,3.75,0
2026-06-07T12:52:21.507Z,16,00:00:7.5,0000,123.23,99853.08,27.13,11.97,28.536034,77.391412,123.23,49.98,135.30,28.16,11.79,28.535590,77.391385,134.42,0,Attached,-8.44,-1.15,8.84,0
2026-06-07T12:52:22.006Z,17,00:00:08,0000,135.75,99704.67,27.60,11.99,28.535986,77.390921,135.75,51.39,138.97,25.77,11.73,28.535239,77.391135,139.56,0,Attached,-0.36,-5.11,14.81,0
2026-06-07T12:52:22.507Z,18,00:00:8.5,0000,148.68,99551.77,27.29,12.03,28.535016,77.391485,148.68,47.82,160.35,29.00,11.86,28.535359,77.391149,159.36,0,Attached,5.46,3.34,11.72,0
2026-06-07T12:52:23.004Z,19,00:00:09,0000,161.98,99394.55,27.43,12.04,28.535193,77.391147,161.98,50.64,167.65,26.90,11.85,28.535662,77.390891,168.03,0,Attached,-7.06,-4.25,26.36,0
2026-06-07T12:52:23.518Z,20,00:00:9.5,0000,175.67,99233.16,25.92,11.96,28.535825,77.391330,175.67,44.98,181.79,26.52,11.66,28.535986,77.391241,180.08,0,Attached,-7.14,-2.89,24.34,0
2026-06-07T12:52:24.004Z,21,00:00:10,0000,189.72,99067.74,27.18,11.98,28.535052,77.391236,189.72,46.30,192.49,25.23,11.81,28.535640,77.390473,194.77,0,Attached,5.16,-3.30,17.73,0
2026-06-07T12:52:24.504Z,22,00:00:10.5,0000,204.12,98898.41,27.22,11.98,28.534999,77.391528,204.12,51.08,213.03,27.47,11.75,28.535394,77.391293,212.46,0,Attached,-5.27,2.96,9.19,0
2026-06-07T12:52:25.005Z,23,00:00:11,0000,218.88,98725.30,25.97,12.02,28.535943,77.390516,218.88,48.07,208.23,24.06,11.73,28.535710,77.391267,210.19,0,Attached,9.33,1.02,27.10,0
2026-06-07T12:52:25.505Z,24,00:00:11.5,0000,233.97,98548.53,25.51,12.01,28.535190,77.390572,233.97,44.89,222.29,26.84,11.81,28.535626,77.391198,224.26,0,Attached,2.57,-3.42,24.66,0
2026-06-07T12:52:26.012Z,25,00:00:12,0000,249.39,98368.20,25.71,12.02,28.535607,77.391520,249.39,51.56,247.09,23.77,11.90,28.536018,77.390843,246.61,0,Attached,4.58,-0.70,17.29,0
2026-06-07T12:52:26.506Z,26,00:00:12.5,0000,265.14,98184.41,25.45,12.02,28.535469,77.390849,265.14,50.76,264.18,27.17,11.83,28.535549,77.391522,262.43,0,Attached,9.45,-1.25,17.31,0
2026-06-07T12:52:27.007Z,27,00:00:13,0000,281.21,97997.26,25.82,11.99,28.535934,77.390686,281.21,43.91,286.92,26.46,11.89,28.536034,77.390871,286.11,0,Attached,5.41,3.02,37.25,0
2026-06-07T12:52:27.507Z,28,00:00:13.5,0000,297.59,97806.84,27.02,12.05,28.536004,77.390757,297.59,45.38,291.92,26.41,11.77,28.535512,77.391197,294.06,0,Attached,2.28,3.25,25.41,0
2026-06-07T12:52:28.007Z,29,00:00:14,0000,314.27,97613.25,26.90,11.97,28.535932,77.390908,314.27,47.38,311.00,25.75,11.73,28.535228,77.390488,310.63,0,Attached,-1.98,-0.63,15.99,0
2026-06-07T12:52:28.508Z,30,00:00:14.5,0000,331.25,97416.56,26.71,12.05,28.535982,77.391203,331.25,49.83,325.31,28.57,11.76,28.535768,77.391226,324.85,0,Attached,6.28,4.88,36.12,0
2026-06-07T12:52:29.007Z,31,00:00:15,0000,348.54,97216.85,26.21,12.00,28.535046,77.391568,348.54,46.31,336.49,24.94,11.86,28.535719,77.391056,338.96,0,Attached,-9.87,1.74,41.61,0
2026-06-07T12:52:29.504Z,32,00:00:15.5,0000,366.11,97014.21,24.97,12.00,28.535840,77.391154,366.11,44.19,367.12,26.62,11.86,28.535392,77.391447,365.03,0,Attached,9.48,-1.03,22.27,0
2026-06-07T12:52:30.009Z,33,00:00:16,0000,383.96,96808.71,25.74,12.00,28.535715,77.390931,383.96,50.39,393.68,26.31,11.82,28.535211,77.390895,391.67,0,Attached,-9.92,-3.19,28.50,0
2026-06-07T12:52:30.509Z,34,00:00:16.5,0000,402.10,96600.41,24.78,11.96,28.535326,77.390511,402.10,45.32,406.74,26.50,11.81,28.535600,77.391305,406.02,0,Attached,-9.57,-3.87,31.05,0
2026-06-07T12:52:31.010Z,35,00:00:17,0000,420.52,96389.40,25.19,11.96,28.535215,77.390714,420.52,51.43,419.16,26.75,11.81,28.535128,77.390544,417.47,0,Attached,1.39,-3.04,35.02,0
2026-06-07T12:52:31.510Z,36,00:00:17.5,0000,439.21,96175.72,24.79,12.02,28.536078,77.390480,439.21,49.07,445.96,23.69,11.79,28.536005,77.391471,445.90,0,Attached,6.63,-1.45,29.78,0
2026-06-07T12:52:32.011Z,37,00:00:18,0000,458.16,95959.46,24.53,11.96,28.536061,77.391307,458.16,47.66,469.96,24.99,11.86,28.535937,77.390991,471.87,0,Attached,-0.27,-4.19,45.92,0
2026-06-07T12:52:32.509Z,38,00:00:18.5,0000,477.38,95740.67,25.71,12.01,28.535901,77.390864,477.38,49.46,474.18,25.03,11.88,28.535678,77.390770,473.82,0,Attached,-1.95,-2.64,37.51,0
2026-06-07T12:52:33.008Z,39,00:00:19,0000,496.87,95519.41,23.91,11.96,28.536029,77.391591,496.87,52.02,484.56,23.54,11.85,28.536047,77.390581,485.58,0,Attached,-3.94,2.93,26.80,0
2026-06-07T12:52:33.506Z,40,00:00:19.5,0000,516.61,95295.74,25.15,12.01,28.534947,77.390739,516.61,44.43,507.83,23.39,11.88,28.534951,77.390638,508.76,0,Attached,7.20,3.62,46.49,0
2026-06-07T12:52:34.007Z,41,00:00:20,0000,536.61,95069.72,24.04,12.04,28.535534,77.391200,536.61,46.50,535.63,22.60,11.87,28.535613,77.390589,537.04,0,Attached,1.02,5.03,51.61,0
2026-06-07T12:52:34.505Z,42,00:00:20.5,0000,556.85,94841.40,24.26,11.95,28.535801,77.390647,556.85,47.09,560.20,25.98,11.72,28.534949,77.391096,562.59,0,Attached,-2.80,2.44,44.24,0
2026-06-07T12:52:35.019Z,43,00:00:21,0000,577.35,94610.84,24.12,12.02,28.535849,77.391414,577.35,43.38,580.30,25.60,11.77,28.534942,77.391473,581.12,0,Attached,-2.74,0.07,33.43,0
2026-06-07T12:52:35.515Z,44,00:00:21.5,0000,598.09,94378.09,23.28,12.04,28.535711,77.391227,598.09,46.55,601.39,24.27,11.75,28.535273,77.391184,601.16,0,Attached,-3.73,-0.02,39.36,0
2026-06-07T12:52:36.004Z,45,00:00:22,0000,619.08,94143.20,24.14,12.02,28.535554,77.390676,619.08,51.96,609.89,26.09,11.73,28.535041,77.390477,610.27,0,Attached,3.28,-5.24,37.41,0
2026-06-07T12:52:36.504Z,46,00:00:22.5,0000,640.30,93906.22,23.77,11.95,28.535913,77.390895,640.30,50.42,644.41,25.10,11.69,28.535951,77.391027,642.57,0,Attached,-8.34,0.97,35.07,0
2026-06-07T12:52:37.008Z,47,00:00:23,0000,661.76,93667.19,24.39,12.05,28.536006,77.391014,661.76,46.60,656.48,23.99,11.79,28.535109,77.390918,654.57,0,Attached,2.46,3.78,44.75,0
2026-06-07T12:52:37.506Z,48,00:00:23.5,0000,683.46,93426.18,24.32,11.98,28.535500,77.390855,683.46,46.21,682.10,24.29,11.81,28.535597,77.391043,683.13,0,Attached,-7.55,-1.55,36.40,0
2026-06-07T12:52:38.008Z,49,00:00:24,0000,705.39,93183.21,22.84,11.98,28.536101,77.390970,705.39,48.49,706.33,21.62,11.69,28.535209,77.391411,705.57,0,Attached,2.13,-0.53,60.40,0
2026-06-07T12:52:38.505Z,50,00:00:24.5,0000,727.54,92938.35,24.11,12.01,28.535312,77.391588,727.54,45.45,722.72,24.76,11.87,28.535585,77.391071,720.56,0,Attached,-0.64,-1.34,43.56,0
2026-06-07T12:52:39.007Z,51,00:00:25,0000,749.93,92691.62,24.00,11.98,28.535061,77.390400,749.93,49.90,760.11,25.97,11.73,28.535574,77.391381,758.98,0,Attached,9.57,0.99,54.02,0
2026-06-07T12:52:39.506Z,52,00:00:25.5,0000,772.54,92443.08,22.59,12.00,28.535595,77.391382,772.54,50.56,760.93,22.91,11.76,28.535515,77.391506,762.84,0,Attached,-5.61,2.58,49.88,0
2026-06-07T12:52:40.008Z,53,00:00:26,0000,795.37,92192.77,23.81,11.97,28.535679,77.391586,795.37,51.84,783.91,25.31,11.67,28.535837,77.391071,783.85,0,Attached,-8.47,-4.19,43.61,0
2026-06-07T12:52:40.505Z,54,00:00:26.5,0000,818.43,91940.72,22.36,11.96,28.535856,77.391201,818.43,43.85,819.63,21.88,11.69,28.535609,77.391518,821.92,0,Attached,-2.51,0.72,52.30,0
2026-06-07T12:52:41.008Z,55,00:00:27,0000,841.70,91686.99,22.43,12.05,28.535121,77.390596,841.70,51.99,853.22,24.12,11.81,28.535076,77.390860,854.70,0,Attached,2.35,3.35,55.91,0
2026-06-07T12:52:41.516Z,56,00:00:27.5,0000,865.19,91431.61,22.70,12.02,28.535333,77.390548,865.19,52.09,862.70,23.03,11.91,28.535236,77.390421,863.43,0,Attached,9.72,-4.05,60.11,0
2026-06-07T12:52:42.015Z,57,00:00:28,0000,888.89,91174.61,22.65,11.96,28.536028,77.390982,888.89,43.01,881.05,22.75,11.74,28.535004,77.391126,882.00,0,Attached,4.50,1.77,66.04,0
2026-06-07T12:52:42.508Z,58,00:00:28.5,0000,912.80,90916.04,21.60,12.01,28.535390,77.391309,912.80,46.24,924.18,22.87,11.90,28.535724,77.390901,925.51,0,Attached,-7.43,-1.53,64.70,0
2026-06-07T12:52:43.011Z,59,00:00:29,0000,936.93,90655.94,22.08,12.02,28.535628,77.390943,936.93,51.15,929.89,20.67,11.90,28.535777,77.390914,927.99,0,Attached,8.53,-0.38,55.26,0
2026-06-07T12:52:43.510Z,60,00:00:29.5,0000,961.27,90394.34,21.08,12.02,28.535883,77.390490,961.27,47.76,972.24,22.13,11.78,28.535981,77.390839,970.51,0,Attached,7.40,1.01,53.68,0
2026-06-07T12:52:44.004Z,61,00:00:30,0000,985.81,90131.27,21.75,12.00,28.534856,77.391329,985.81,49.53,974.78,22.05,11.73,28.535368,77.390434,972.84,0,Attached,-4.99,4.51,50.27,0
2026-06-07T12:52:44.504Z,62,00:00:30.5,0000,1010.56,89866.78,21.13,12.04,28.536016,77.391095,1010.56,46.25,1011.74,21.30,11.83,28.536059,77.391271,1010.10,0,Attached,0.24,2.49,65.41,0
2026-06-07T12:52:45.010Z,63,00:00:31,0000,1035.51,89600.90,20.31,12.04,28.536109,77.391088,1035.51,48.46,1026.79,22.02,11.94,28.535015,77.391517,1024.44,0,Attached,-3.74,2.23,62.11,0
2026-06-07T12:52:45.509Z,64,00:00:31.5,0000,1060.66,89333.66,21.56,11.95,28.535381,77.390687,1060.66,46.68,1067.35,20.76,11.76,28.535103,77.390776,1065.90,0,Attached,4.81,-4.50,60.65,0
2026-06-07T12:52:46.006Z,65,00:00:32,0000,1086.01,89065.10,21.37,11.98,28.535988,77.390979,1086.01,44.24,1096.10,21.56,11.79,28.535568,77.390436,1095.02,0,Attached,-8.24,-3.11,52.75,0
2026-06-07T12:52:46.506Z,66,00:00:32.5,0000,1111.57,88795.25,20.20,11.97,28.536059,77.390347,1111.57,51.73,1099.86,19.71,11.69,28.535810,77.391048,1100.88,0,Attached,-2.26,4.09,75.73,0
2026-06-07T12:52:47.006Z,67,00:00:33,0000,1137.32,88524.15,20.25,12.04,28.535794,77.391175,1137.32,47.74,1125.81,20.56,11.93,28.535745,77.390465,1127.33,0,Attached,8.92,2.81,76.14,0
2026-06-07T12:52:47.504Z,68,00:00:33.5,0000,1163.26,88251.82,20.40,11.95,28.535968,77.390552,1163.26,50.80,1173.93,21.19,11.75,28.535503,77.391435,1173.27,0,Attached,-4.37,4.02,61.19,0
2026-06-07T12:52:48.007Z,69,00:00:34,0000,1189.40,87978.29,19.68,11.98,28.534960,77.391423,1189.40,45.04,1195.81,20.03,11.77,28.535096,77.390658,1196.79,0,Attached,-1.01,0.42,71.76,0
2026-06-07T12:52:48.508Z,70,00:00:34.5,0000,1215.74,87703.61,19.34,12.04,28.536059,77.390600,1215.74,45.13,1218.49,17.87,11.85,28.535936,77.391050,1217.82,0,Attached,-4.01,4.57,77.27,0
2026-06-07T12:52:49.008Z,71,00:00:35,0000,1242.26,87427.79,20.44,12.02,28.535089,77.391069,1242.26,44.52,1254.43,20.08,11.80,28.534885,77.391345,1254.44,0,Attached,0.03,1.80,66.87,0
2026-06-07T12:52:49.508Z,72,00:00:35.5,0000,1268.97,87150.87,19.46,11.97,28.535036,77.391357,1268.97,49.63,1258.64,20.09,11.82,28.534956,77.390666,1260.33,0,Attached,-3.29,4.36,81.68,0
2026-06-07T12:52:50.009Z,73,00:00:36,0000,1295.88,86872.88,19.27,11.96,28.535775,77.391164,1295.88,46.69,1308.19,17.28,11.73,28.535867,77.390985,1307.17,0,Attached,-6.04,-2.04,60.72,0
2026-06-07T12:52:50.509Z,74,00:00:36.5,0000,1322.97,86593.86,18.50,12.05,28.534928,77.390695,1322.97,48.86,1325.69,17.47,11.76,28.535426,77.390913,1324.54,0,Attached,2.52,-3.60,75.40,0
2026-06-07T12:52:51.010Z,75,00:00:37,0000,1350.25,86313.81,18.94,12.01,28.535494,77.391576,1350.25,49.09,1343.28,19.00,11.91,28.535621,77.391509,1343.50,0,Attached,9.46,-0.47,72.69,0
2026-06-07T12:52:51.510Z,76,00:00:37.5,0000,1377.71,86032.79,19.74,12.02,28.535434,77.390637,1377.71,48.41,1377.76,18.87,11.88,28.535034,77.391043,1379.10,0,Attached,8.78,4.28,81.75,0
2026-06-07T12:52:52.011Z,77,00:00:38,0000,1405.35,85750.81,17.93,11.95,28.535252,77.390378,1405.35,43.07,1417.32,18.11,11.67,28.535908,77.390785,1418.70,0,Attached,9.68,-0.40,87.17,0
2026-06-07T12:52:52.511Z,78,00:00:38.5,0000,1433.18,85467.90,19.50,11.96,28.535025,77.390741,1433.18,48.54,1442.96,18.01,11.74,28.535044,77.391023,1443.32,0,Attached,-2.34,-5.21,76.50,0
2026-06-07T12:52:53.010Z,79,00:00:39,0000,1461.19,85184.09,19.29,12.04,28.536046,77.391436,1461.19,48.38,1471.26,19.99,11.76,28.536125,77.391412,1472.10,0,Attached,-2.13,-0.97,73.66,0
2026-06-07T12:52:53.509Z,80,00:00:39.5,0000,1489.38,84899.41,18.60,11.97,28.535648,77.391348,1489.38,44.13,1489.68,17.02,11.71,28.534899,77.390422,1488.37,0,Attached,-9.69,-1.38,79.69,0
2026-06-07T12:52:54.009Z,81,00:00:40,0000,1517.75,84613.88,18.45,11.96,28.535285,77.390878,1517.75,47.25,1508.92,19.06,11.77,28.535822,77.391192,1509.12,0,Attached,-4.75,4.67,75.99,0
2026-06-07T12:52:54.508Z,82,00:00:40.5,0000,1546.30,84327.53,17.87,12.03,28.535635,77.391303,1546.30,50.64,1547.53,17.25,11.92,28.534932,77.390369,1545.50,0,Attached,-0.29,0.53,73.62,0
2026-06-07T12:52:55.008Z,83,00:00:41,0000,1575.02,84040.38,17.13,12.04,28.534797,77.391208,1575.02,45.74,1568.29,15.70,11.90,28.534884,77.390850,1567.27,0,Attached,5.87,-2.36,79.30,0
2026-06-07T12:52:55.507Z,84,00:00:41.5,0000,1603.92,83752.47,17.66,11.99,28.535097,77.390962,1603.92,42.94,1614.36,17.24,11.70,28.536110,77.390665,1616.10,0,Attached,6.42,2.31,80.03,0
2026-06-07T12:52:56.007Z,85,00:00:42,0000,1632.99,83463.81,16.83,12.02,28.535545,77.391060,1632.99,47.30,1641.40,17.57,11.73,28.535622,77.390482,1641.21,0,Attached,-2.32,2.37,89.82,0
2026-06-07T12:52:56.510Z,86,00:00:42.5,0000,1662.24,83174.43,16.36,11.98,28.535145,77.391597,1662.24,48.52,1650.80,17.93,11.85,28.535478,77.390628,1650.82,0,Attached,-2.70,-4.68,82.12,0
2026-06-07T12:52:57.011Z,87,00:00:43,0000,1691.66,82884.36,16.96,12.04,28.535557,77.390929,1691.66,47.85,1687.21,18.75,11.82,28.534860,77.390638,1685.75,0,Attached,-1.21,0.77,89.85,0
2026-06-07T12:52:57.510Z,88,00:00:43.5,0000,1721.25,82593.61,16.97,12.01,28.534808,77.390665,1721.25,49.17,1722.36,17.50,11.82,28.535684,77.390669,1723.11,0,Attached,-9.84,-3.28,90.65,0
2026-06-07T12:52:58.005Z,89,00:00:44,0000,1751.01,82302.22,17.19,11.99,28.535766,77.391623,1751.01,48.20,1759.63,18.55,11.84,28.535042,77.390546,1760.85,0,Attached,-8.16,-1.58,92.93,0
2026-06-07T12:52:58.505Z,90,00:00:44.5,0000,1780.94,82010.20,16.68,12.04,28.535833,77.391514,1780.94,49.84,1778.34,16.06,11.88,28.535900,77.391468,1776.74,0,Attached,-9.17,-5.19,96.11,0
2026-06-07T12:52:59.004Z,91,00:00:45,0000,1811.04,81717.59,16.31,12.03,28.535332,77.390783,1811.04,45.39,1813.58,15.47,11.74,28.535416,77.391470,1811.12,0,Attached,-5.96,-3.09,86.61,0
2026-06-07T12:52:59.505Z,92,00:00:45.5,0000,1841.31,81424.39,15.76,11.97,28.535000,77.390894,1841.31,45.28,1843.02,14.97,11.70,28.535301,77.391399,1842.85,0,Attached,3.95,3.80,91.43,0
2026-06-07T12:53:00.018Z,93,00:00:46,0000,1871.75,81130.65,16.77,11.96,28.535549,77.390347,1871.75,49.95,1880.74,18.19,11.67,28.534983,77.390440,1882.23,0,Attached,-7.98,1.35,81.68,0
2026-06-07T12:53:00.504Z,94,00:00:46.5,0000,1902.35,80836.37,14.99,12.04,28.536045,77.390739,1902.35,42.88,1895.79,16.03,11.85,28.535684,77.391423,1896.15,0,Attached,9.75,3.02,85.44,0
2026-06-07T12:53:01.005Z,95,00:00:47,0000,1933.11,80541.57,16.10,12.00,28.535765,77.390805,1933.11,51.74,1943.55,14.98,11.84,28.535269,77.391528,1941.19,0,Attached,1.03,-0.48,97.62,0
2026-06-07T12:53:01.504Z,96,00:00:47.5,0000,1964.04,80246.30,15.98,11.95,28.536211,77.390317,1964.04,43.38,1960.28,17.36,11.69,28.535948,77.390563,1958.25,0,Attached,8.98,-3.81,93.25,0
2026-06-07T12:53:02.018Z,97,00:00:48,0000,1995.13,79950.55,15.99,12.03,28.535419,77.390939,1995.13,45.09,2006.46,16.49,11.76,28.535140,77.390943,2005.04,0,Attached,8.08,-5.04,85.04,0
2026-06-07T12:53:02.508Z,98,00:00:48.5,0000,2026.39,79654.36,15.18,12.04,28.536011,77.390498,2026.39,44.40,2029.05,13.78,11.83,28.535556,77.391229,2028.32,0,Attached,8.53,-2.88,100.45,0
2026-06-07T12:53:03.004Z,99,00:00:49,0000,2057.81,79357.74,13.97,12.02,28.535878,77.391249,2057.81,47.85,2055.92,13.51,11.87,28.535734,77.390840,2057.21,0,Attached,-3.67,0.00,102.10,0
2026-06-07T12:53:03.504Z,100,00:00:49.5,0000,2089.38,79060.72,13.65,12.02,28.535332,77.391485,2089.38,46.66,2095.56,15.51,11.81,28.534918,77.390821,2097.61,0,Attached,-1.03,-1.54,103.18,0
2026-06-07T12:53:04.003Z,101,00:00:50,0000,2121.12,78763.31,14.65,11.95,28.535007,77.390380,2121.12,49.38,2122.46,14.81,11.74,28.536149,77.391549,2120.68,0,Attached,2.32,4.66,94.51,0
2026-06-07T12:53:04.507Z,102,00:00:50.5,0000,2153.02,78465.54,13.36,11.98,28.535387,77.391029,2153.02,47.68,2154.15,14.01,11.71,28.535970,77.390796,2153.44,0,Attached,-7.97,-3.77,91.31,0
2026-06-07T12:53:05.005Z,103,00:00:51,0000,2185.07,78167.43,14.50,11.95,28.536071,77.391521,2185.07,44.22,2183.72,14.39,11.78,28.535270,77.390827,2182.02,0,Attached,-5.05,2.84,99.12,0
2026-06-07T12:53:05.506Z,104,00:00:51.5,0000,2217.28,77868.99,14.30,12.02,28.535622,77.390865,2217.28,46.66,2221.61,14.05,11.80,28.535194,77.391424,2223.41,0,Attached,-2.69,-0.98,112.54,0
2026-06-07T12:53:06.005Z,105,00:00:52,0000,2249.65,77570.25,12.70,11.97,28.535081,77.391129,2249.65,45.72,2246.57,13.47,11.71,28.535298,77.390920,2248.35,0,Attached,-8.35,0.99,95.51,0
2026-06-07T12:53:06.505Z,106,00:00:52.5,0000,2282.18,77271.23,13.93,11.96,28.536121,77.390810,2282.18,46.95,2276.96,15.60,11.83,28.536123,77.390726,2277.10,0,Attached,7.09,-3.41,92.98,0
2026-06-07T12:53:07.008Z,107,00:00:53,0000,2314.86,76971.93,13.79,12.03,28.536098,77.391016,2314.86,45.83,2305.31,12.18,11.75,28.534844,77.391137,2305.28,0,Attached,-6.39,4.89,116.17,0
2026-06-07T12:53:07.506Z,108,00:00:53.5,0000,2347.69,76672.39,13.64,12.00,28.535771,77.391424,2347.69,48.83,2355.99,15.30,11.75,28.535843,77.391384,2354.21,0,Attached,-1.51,0.79,112.75,0
2026-06-07T12:53:08.007Z,109,00:00:54,0000,2380.68,76372.62,13.14,12.00,28.535672,77.391569,2380.68,44.58,2370.04,12.07,11.86,28.535565,77.390941,2370.86,0,Attached,-16.75,-2.83,107.62,0
2026-06-07T12:53:08.516Z,110,00:00:54.5,0000,2413.82,76072.64,12.56,12.00,28.535767,77.390685,2413.82,47.44,2422.43,12.22,11.87,28.535415,77.390870,2424.38,0,Attached,5.99,-7.88,115.33,0
2026-06-07T12:53:09.005Z,111,00:00:55,0000,2447.12,75772.47,11.37,12.02,28.536179,77.390840,2447.12,44.86,2443.54,9.75,11.74,28.535436,77.390998,2441.22,0,Attached,15.70,-1.06,113.35,0
2026-06-07T12:53:09.508Z,112,00:00:55.5,0000,2480.56,75472.12,11.38,11.98,28.536010,77.390498,2480.56,45.41,2484.79,11.63,11.84,28.535416,77.391006,2484.55,0,Attached,17.06,-4.38,110.76,0
2026-06-07T12:53:10.009Z,113,00:00:56,0000,2514.16,75171.62,12.24,12.03,28.535637,77.391698,2514.16,48.83,2526.38,12.90,11.87,28.535391,77.390945,2528.03,0,Attached,6.03,7.91,110.23,0
2026-06-07T12:53:10.509Z,114,00:00:56.5,0000,2547.90,74870.97,11.04,11.99,28.535375,77.390480,2547.90,47.34,2558.26,10.20,11.76,28.535510,77.391114,2557.75,0,Attached,14.11,-8.77,117.90,0
2026-06-07T12:53:11.016Z,115,00:00:57,0000,2581.80,74570.20,10.59,11.97,28.534732,77.391759,2581.80,48.70,2575.79,9.97,11.78,28.535553,77.391045,2576.43,0,Attached,-11.40,-8.07,103.42,0
2026-06-07T12:53:11.515Z,116,00:00:57.5,0000,2615.85,74269.33,11.07,11.96,28.535994,77.391193,2615.85,52.02,2622.94,11.70,11.80,28.535559,77.390957,2623.17,0,Attached,17.18,4.53,114.48,0
2026-06-07T12:53:12.010Z,117,00:00:58,0000,2650.04,73968.36,9.96,11.98,28.535805,77.391031,2650.04,46.80,2660.30,8.95,11.69,28.535372,77.390902,2660.11,0,Attached,7.91,-4.31,124.92,0
2026-06-07T12:53:12.510Z,118,00:00:58.5,0000,2684.38,73667.33,9.59,11.98,28.535913,77.391593,2684.38,50.48,2687.40,11.24,11.74,28.535608,77.391052,2689.64,0,Attached,-14.46,-6.91,105.22,0
2026-06-07T12:53:13.007Z,119,00:00:59,0000,2718.87,73366.24,10.39,12.00,28.535123,77.390466,2718.87,48.19,2708.27,11.74,11.74,28.535377,77.390995,2708.99,0,Attached,9.85,5.93,127.32,0
2026-06-07T12:53:13.511Z,120,00:00:59.5,0000,2753.51,73065.10,10.92,11.97,28.534959,77.390384,2753.51,47.41,2754.66,10.90,11.78,28.535404,77.390909,2753.67,0,Attached,-10.88,-3.07,109.26,0
2026-06-07T12:53:14.012Z,121,00:01:00,0000,2788.29,72763.95,9.67,12.03,28.536009,77.391041,2788.29,44.27,2792.61,10.32,11.81,28.535453,77.390979,2790.92,0,Attached,3.25,6.82,108.41,0
2026-06-07T12:53:14.509Z,122,00:01:0.5,0000,2823.21,72462.78,9.61,11.96,28.536142,77.390198,2823.21,45.48,2828.98,11.20,11.70,28.535373,77.390985,2828.02,0,Attached,5.53,-2.37,112.78,0
2026-06-07T12:53:15.008Z,123,00:01:01,0000,2858.28,72161.62,9.01,12.01,28.535586,77.390875,2858.28,49.37,2852.32,9.30,11.91,28.535408,77.390963,2850.00,0,Attached,4.68,6.93,114.88,0
2026-06-07T12:53:15.508Z,124,00:01:1.5,0000,2893.50,71860.49,8.74,11.96,28.535422,77.391304,2893.50,42.86,2891.63,8.20,11.70,28.535633,77.390967,2894.02,0,Attached,-1.69,6.69,113.75,0
2026-06-07T12:53:16.006Z,125,00:01:02,0000,2928.86,71559.39,9.88,12.02,28.535506,77.390684,2928.86,50.88,2919.33,10.71,11.80,28.535407,77.391007,2919.35,0,Attached,-16.49,3.93,114.16,0
2026-06-07T12:53:16.507Z,126,00:01:2.5,0000,2964.36,71258.35,9.20,12.03,28.535601,77.390358,2964.36,52.00,2973.09,9.73,11.92,28.535539,77.391053,2972.06,0,Attached,12.38,-0.10,116.62,0
2026-06-07T12:53:17.008Z,127,00:01:03,0000,3000.00,70957.37,8.44,11.95,28.535064,77.391777,3000.00,44.54,3009.21,9.72,11.68,28.535603,77.391016,3009.96,0,Attached,-8.24,7.26,114.99,0
2026-06-07T12:53:17.503Z,128,00:01:3.5,0000,3008.72,70883.97,8.39,11.95,28.535230,77.391351,3008.72,49.40,3005.77,10.05,11.66,28.535394,77.390942,3006.83,0,Attached,-14.61,1.13,122.04,0
2026-06-07T12:53:18.009Z,129,00:01:04,0000,3017.36,70811.20,8.95,12.02,28.535915,77.391631,3017.36,51.06,3011.01,9.08,11.89,28.535535,77.391025,3012.76,0,Attached,-17.09,8.73,118.06,0
2026-06-07T12:53:18.508Z,130,00:01:4.5,0000,3025.88,70739.62,7.60,12.00,28.534744,77.391567,3025.88,49.86,3029.31,7.23,11.77,28.535466,77.391121,3031.60,0,Attached,3.56,8.99,130.88,0
2026-06-07T12:53:19.007Z,131,00:01:05,0000,3034.20,70669.76,7.50,11.96,28.535008,77.390757,3034.20,44.94,3024.39,7.89,11.73,28.535561,77.390945,3024.67,0,Attached,-6.43,5.37,139.32,0
2026-06-07T12:53:19.508Z,132,00:01:5.5,0000,3042.26,70602.15,8.72,12.00,28.535275,77.390252,3042.26,49.62,3037.99,10.67,11.75,28.535423,77.391042,3037.39,0,Attached,-1.94,2.59,140.50,0
2026-06-07T12:53:20.012Z,133,00:01:06,0000,3050.00,70537.30,8.74,12.00,28.534784,77.391368,3050.00,44.77,3043.37,7.87,11.90,28.535448,77.390921,3041.05,0,Attached,-8.35,7.19,143.97,0
2026-06-07T12:53:20.505Z,134,00:01:6.5,0000,3057.36,70475.70,8.18,11.98,28.535575,77.391427,3057.36,48.92,3068.37,9.51,11.69,28.535569,77.391074,3068.94,0,Attached,-13.61,1.75,120.58,0
2026-06-07T12:53:21.006Z,135,00:01:07,0000,3064.28,70417.80,7.94,12.00,28.534848,77.390805,3064.28,51.11,3066.42,8.18,11.75,28.535557,77.390909,3065.45,0,Attached,10.68,8.63,144.17,0
2026-06-07T12:53:21.506Z,136,00:01:7.5,0000,3070.71,70364.04,8.07,11.98,28.534966,77.391740,3070.71,45.99,3062.56,9.83,11.87,28.535599,77.391075,3063.79,0,Attached,-13.95,-3.60,128.81,0
2026-06-07T12:53:22.007Z,137,00:01:08,0000,3076.60,70314.81,7.48,11.99,28.535691,77.390513,3076.60,48.10,3086.93,8.96,11.74,28.535434,77.390984,3086.32,0,Attached,-8.30,-3.73,126.14,0
2026-06-07T12:53:22.505Z,138,00:01:8.5,0000,3081.92,70270.48,8.89,11.97,28.536086,77.390847,3081.92,51.82,3073.58,10.70,11.86,28.535614,77.390967,3072.35,0,Attached,-7.65,3.65,147.19,0
2026-06-07T12:53:23.018Z,139,00:01:09,0000,3086.60,70231.37,7.18,11.99,28.535464,77.391649,3086.60,47.89,3081.22,5.25,11.78,28.535385,77.390921,3080.51,0,Attached,3.54,5.75,128.72,0
2026-06-07T12:53:23.505Z,140,00:01:9.5,0000,3090.63,70197.79,8.05,12.02,28.535683,77.390779,3090.63,48.07,3089.69,8.69,11.85,28.535582,77.390966,3088.49,0,Attached,-14.95,2.75,147.98,0
2026-06-07T12:53:24.004Z,141,00:01:10,0000,3093.97,70169.96,7.12,12.00,28.534682,77.391647,3093.97,51.52,3088.67,5.42,11.71,28.535585,77.390979,3090.93,0,Attached,9.77,-5.07,132.04,0
2026-06-07T12:53:24.504Z,142,00:01:10.5,0000,3096.59,70148.10,7.81,11.99,28.535060,77.390513,3096.59,44.37,3088.62,6.51,11.83,28.535628,77.391097,3086.17,0,Attached,-2.03,8.12,151.89,0
2026-06-07T12:53:25.005Z,143,00:01:11,0000,3098.48,70132.38,7.27,12.02,28.536001,77.390462,3098.48,43.39,3095.11,8.20,11.78,28.535481,77.390994,3093.44,0,Attached,-3.35,-8.41,154.22,0
2026-06-07T12:53:25.506Z,144,00:01:11.5,0000,3099.62,70122.89,6.91,12.03,28.535291,77.391083,3099.62,47.23,3104.20,5.56,11.82,28.535572,77.390937,3102.99,0,Attached,2.68,3.91,136.74,0
2026-06-07T12:53:26.005Z,145,00:01:12,0000,3100.00,70119.73,7.63,11.99,28.536182,77.391731,3100.00,46.44,3090.76,7.02,11.88,28.535501,77.391140,3091.38,1,Separated,13.19,-10.81,139.47,0
2026-06-07T12:53:26.506Z,146,00:01:12.5,0000,3099.62,70122.89,8.26,11.95,28.534892,77.390494,3099.62,42.86,3104.73,7.80,11.83,28.535515,77.390956,3105.63,1,Separated,-23.31,-3.15,133.35,0
2026-06-07T12:53:27.006Z,147,00:01:13,0000,3098.48,70132.38,6.91,12.04,28.535942,77.390605,3098.48,48.14,3108.68,5.51,11.82,28.535381,77.390922,3107.84,1,Separated,16.39,-12.76,139.15,0
2026-06-07T12:53:27.507Z,148,00:01:13.5,0000,3096.59,70148.10,7.38,11.97,28.535130,77.391099,3096.59,44.20,3107.49,6.37,11.80,28.535503,77.390853,3108.86,1,Separated,8.45,-9.03,143.12,0
2026-06-07T12:53:28.017Z,149,00:01:14,0000,3093.97,70169.96,8.18,12.00,28.534841,77.390176,3093.97,44.18,3083.12,7.18,11.80,28.535593,77.391070,3085.14,1,Separated,9.27,5.11,154.94,0
2026-06-07T12:53:28.504Z,150,00:01:14.5,0000,3090.63,70197.79,7.10,11.97,28.534875,77.391678,3090.63,51.05,3096.79,7.82,11.79,28.535468,77.390919,3097.22,1,Separated,-29.85,-6.99,144.02,0
2026-06-07T12:53:29.008Z,151,00:01:15,0000,3086.60,70231.37,7.56,11.98,28.535100,77.391607,3086.60,51.92,3084.62,5.60,11.78,28.535383,77.391074,3086.74,1,Separated,-3.78,4.18,145.07,0
2026-06-07T12:53:29.509Z,152,00:01:15.5,0000,3081.92,70270.48,7.63,12.02,28.534739,77.390233,3081.92,47.67,3082.24,8.09,11.76,28.535394,77.391093,3081.16,1,Separated,-0.93,-3.82,147.46,0
2026-06-07T12:53:30.016Z,153,00:01:16,0000,3076.60,70314.81,7.97,11.99,28.534742,77.391687,3076.60,50.07,3076.93,8.69,11.70,28.535480,77.390945,3079.38,1,Separated,-18.59,10.90,143.02,0
2026-06-07T12:53:30.509Z,154,00:01:16.5,0000,3070.71,70364.04,8.93,11.97,28.535250,77.391597,3070.71,51.84,3066.25,9.02,11.68,28.535512,77.390979,3065.82,1,Separated,24.81,-7.41,156.47,0
2026-06-07T12:53:31.013Z,155,00:01:17,0000,3064.28,70417.80,8.25,11.98,28.535829,77.390288,3064.28,42.88,3070.98,8.29,11.77,28.535552,77.391083,3069.38,1,Separated,7.40,-12.97,148.21,0
2026-06-07T12:53:31.510Z,156,00:01:17.5,0000,3057.36,70475.70,7.21,11.98,28.536228,77.391538,3057.36,47.91,3061.01,6.01,11.87,28.535430,77.391151,3060.47,1,Separated,13.81,-14.90,162.05,0
2026-06-07T12:53:32.011Z,157,00:01:18,0000,3050.00,70537.30,7.99,12.01,28.536066,77.391588,3050.00,52.14,3059.35,7.09,11.75,28.535647,77.390970,3057.69,1,Separated,25.23,-8.71,164.31,0
2026-06-07T12:53:32.505Z,158,00:01:18.5,0000,3042.26,70602.15,8.17,12.00,28.534874,77.390232,3042.26,48.47,3049.06,9.27,11.87,28.535487,77.391089,3047.70,1,Separated,-21.54,-13.09,161.40,0
2026-06-07T12:53:33.004Z,159,00:01:19,0000,3034.20,70669.76,8.34,11.95,28.536046,77.390920,3034.20,47.46,3026.95,8.87,11.72,28.535361,77.390995,3027.93,1,Separated,-22.09,-0.82,159.58,0
2026-06-07T12:53:33.518Z,160,00:01:19.5,0000,3025.88,70739.62,8.13,12.02,28.535725,77.391270,3025.88,49.03,3031.16,9.14,11.78,28.535380,77.391139,3029.58,1,Separated,-16.53,14.89,153.56,0
2026-06-07T12:53:34.012Z,161,00:01:20,0000,3017.36,70811.20,8.67,12.01,28.534784,77.390931,3017.36,45.42,3019.59,9.70,11.73,28.535466,77.391027,3021.71,1,Separated,-14.22,3.63,163.48,0
2026-06-07T12:53:34.516Z,162,00:01:20.5,0000,3008.72,70883.97,8.11,11.94,28.535299,77.391345,3008.72,51.37,3001.13,9.54,11.78,28.535651,77.390938,3002.15,1,Separated,3.29,-11.82,162.95,0
2026-06-07T12:53:35.014Z,163,00:01:21,0000,3000.00,70957.37,7.86,11.98,28.535237,77.391565,3000.00,-9.42,3010.34,7.78,11.84,28.535547,77.391091,3009.78,1,Separated,20.49,-7.54,168.75,0
2026-06-07T12:53:35.504Z,164,00:01:21.5,0000,2994.74,71001.72,9.41,11.96,28.534598,77.391835,2994.74,-9.16,2985.90,7.51,11.67,28.535609,77.390951,2986.34,1,Separated,3.81,-12.63,165.47,0
2026-06-07T12:53:36.014Z,165,00:01:22,0000,2987.91,71059.30,9.27,12.00,28.534945,77.390263,2987.91,-9.06,2999.80,10.68,11.78,28.535361,77.391038,2999.28,1,Separated,-15.91,4.77,175.38,0
2026-06-07T12:53:36.506Z,166,00:01:22.5,0000,2980.34,71123.26,7.82,12.02,28.535587,77.391608,2980.34,-8.81,2984.73,6.46,11.76,28.535436,77.390895,2983.36,1,Separated,-29.85,10.02,153.54,0
2026-06-07T12:53:37.007Z,167,00:01:23,0000,2972.23,71191.76,9.43,12.00,28.535555,77.390663,2972.23,-8.98,2973.33,8.21,11.71,28.535610,77.390914,2972.75,1,Separated,-18.04,2.88,156.17,0
2026-06-07T12:53:37.507Z,168,00:01:23.5,0000,2963.70,71263.89,9.32,12.02,28.534922,77.391674,2963.70,-8.49,2953.80,10.10,11.84,28.535438,77.391034,2956.12,1,Separated,-21.49,-7.79,156.65,0
2026-06-07T12:53:38.007Z,169,00:01:24,0000,2954.82,71339.06,9.29,11.96,28.535479,77.390960,2954.82,-9.48,2954.90,9.44,11.81,28.535512,77.391044,2954.65,1,Separated,-9.78,5.24,177.44,0
2026-06-07T12:53:38.507Z,170,00:01:24.5,0000,2945.64,71416.86,9.59,11.95,28.534592,77.390786,2945.64,-8.78,2942.61,9.19,11.78,28.535462,77.391123,2943.10,1,Separated,-23.64,-10.69,172.09,0
2026-06-07T12:53:39.007Z,171,00:01:25,0000,2936.20,71497.02,9.71,12.03,28.534808,77.391335,2936.20,-9.27,2930.03,11.61,11.90,28.535403,77.391081,2927.94,1,Separated,-22.86,-11.99,168.99,0
2026-06-07T12:53:39.505Z,172,00:01:25.5,0000,2926.51,71579.31,9.52,12.03,28.534854,77.391397,2926.51,-9.02,2922.46,7.93,11.89,28.535360,77.390889,2924.33,1,Separated,20.36,14.52,160.07,0
2026-06-07T12:53:40.007Z,173,00:01:26,0000,2916.61,71663.54,8.12,11.97,28.535632,77.390207,2916.61,-8.54,2923.08,7.13,11.74,28.535526,77.390867,2921.01,1,Separated,-5.93,2.20,173.00,0
2026-06-07T12:53:40.509Z,174,00:01:26.5,0000,2906.50,71749.59,9.23,12.00,28.535940,77.390496,2906.50,-9.39,2895.92,10.56,11.86,28.535549,77.390904,2896.41,1,Separated,-17.71,3.35,168.27,0
2026-06-07T12:53:41.010Z,175,00:01:27,0000,2896.21,71837.32,8.67,12.01,28.535937,77.390518,2896.21,-8.47,2905.51,10.42,11.71,28.535425,77.391143,2905.46,1,Separated,10.75,-12.00,175.23,0
2026-06-07T12:53:41.508Z,176,00:01:27.5,0000,2885.75,71926.63,8.47,11.98,28.535655,77.390439,2885.75,-9.14,2877.07,10.26,11.79,28.535460,77.391105,2875.05,1,Separated,-8.53,8.56,172.00,0
2026-06-07T12:53:42.010Z,177,00:01:28,0000,2875.12,72017.45,10.10,11.96,28.535043,77.390487,2875.12,-8.83,2864.39,9.69,11.85,28.535566,77.391080,2866.32,1,Separated,29.27,13.21,173.89,0
2026-06-07T12:53:42.511Z,178,00:01:28.5,0000,2864.35,72109.69,9.99,12.03,28.535359,77.390276,2864.35,-9.31,2865.86,10.69,11.75,28.535510,77.391139,2864.86,1,Separated,-9.97,-3.59,169.07,0
2026-06-07T12:53:43.012Z,179,00:01:29,0000,2853.42,72203.28,10.15,12.01,28.535248,77.390871,2853.42,-9.19,2845.98,10.90,11.87,28.535412,77.390875,2843.87,1,Separated,4.42,5.77,167.77,0
2026-06-07T12:53:43.515Z,180,00:01:29.5,0000,2842.36,72298.19,8.64,11.97,28.535717,77.391513,2842.36,-8.87,2839.55,8.36,11.71,28.535474,77.391078,2838.31,1,Separated,-13.53,-1.97,175.13,0
2026-06-07T12:53:44.005Z,181,00:01:30,0000,2831.17,72394.34,8.96,11.96,28.535084,77.390235,2831.17,-9.36,2829.84,7.07,11.86,28.535397,77.391105,2828.52,1,Separated,-21.19,5.31,182.21,0
2026-06-07T12:53:44.510Z,182,00:01:30.5,0000,2819.85,72491.69,9.04,11.94,28.535683,77.391521,2819.85,-9.21,2831.96,8.07,11.79,28.535439,77.390921,2833.80,1,Separated,3.13,9.88,186.73,0
2026-06-07T12:53:45.009Z,183,00:01:31,0000,2808.42,72590.21,10.67,11.98,28.535629,77.390946,2808.42,-9.59,2812.17,9.07,11.78,28.535643,77.390861,2814.01,1,Separated,13.69,7.37,170.66,0
2026-06-07T12:53:45.508Z,184,00:01:31.5,0000,2796.86,72689.86,9.06,12.02,28.535456,77.391088,2796.86,-8.45,2801.29,7.61,11.77,28.535612,77.390929,2798.88,1,Separated,-26.12,-11.30,178.16,0
2026-06-07T12:53:46.005Z,185,00:01:32,0000,2785.20,72790.60,9.38,11.98,28.534586,77.391299,2785.20,-8.81,2797.01,11.12,11.82,28.535509,77.391022,2796.65,1,Separated,20.09,7.35,196.37,0
2026-06-07T12:53:46.511Z,186,00:01:32.5,0000,2773.43,72892.40,9.32,12.01,28.534904,77.390498,2773.43,-9.05,2781.92,8.39,11.84,28.535498,77.390941,2780.04,1,Separated,-10.54,3.74,180.56,0
2026-06-07T12:53:47.019Z,187,00:01:33,0000,2761.56,72995.24,9.67,12.00,28.535795,77.390286,2761.56,-8.43,2749.30,8.01,11.87,28.535529,77.390876,2749.62,1,Separated,12.33,-7.64,196.01,0
2026-06-07T12:53:47.507Z,188,00:01:33.5,0000,2749.59,73099.08,9.17,11.96,28.535406,77.390122,2749.59,-8.63,2742.69,9.76,11.84,28.535588,77.390897,2740.63,1,Separated,-16.14,12.44,197.40,0
2026-06-07T12:53:48.007Z,189,00:01:34,0000,2737.52,73203.90,10.24,11.94,28.535438,77.391641,2737.52,-8.45,2748.22,11.65,11.76,28.535475,77.391110,2746.96,1,Separated,23.39,-12.14,185.96,0
2026-06-07T12:53:48.508Z,190,00:01:34.5,0000,2725.36,73309.69,10.47,11.94,28.535484,77.390070,2725.36,-8.47,2729.66,8.73,11.65,28.535464,77.391055,2731.29,1,Separated,11.77,4.05,200.31,0
2026-06-07T12:53:49.007Z,191,00:01:35,0000,2713.11,73416.42,10.37,12.00,28.536399,77.391006,2713.11,-9.25,2722.31,10.29,11.86,28.535358,77.390887,2723.45,1,Separated,-19.02,14.77,192.72,0
2026-06-07T12:53:49.509Z,192,00:01:35.5,0000,2700.77,73524.07,9.98,11.94,28.535073,77.391669,2700.77,-8.86,2706.78,10.40,11.70,28.535569,77.390875,2708.48,1,Separated,-25.18,3.60,203.09,0
2026-06-07T12:53:50.008Z,193,00:01:36,0000,2688.35,73632.63,11.39,12.03,28.535138,77.391030,2688.35,-9.53,2693.52,12.09,11.92,28.535622,77.390992,2695.70,1,Separated,22.92,-5.68,190.18,0
2026-06-07T12:53:50.513Z,194,00:01:36.5,0000,2675.84,73742.07,10.03,12.02,28.536301,77.390933,2675.84,-9.34,2663.64,8.79,11.76,28.535520,77.391059,2663.76,1,Separated,-16.48,-0.98,197.08,0
2026-06-07T12:53:51.009Z,195,00:01:37,0000,2663.25,73852.39,11.21,12.03,28.535320,77.390705,2663.25,-9.19,2666.08,10.61,11.77,28.535462,77.391111,2666.03,1,Separated,-9.41,10.63,191.06,0
2026-06-07T12:53:51.510Z,196,00:01:37.5,0000,2650.59,73963.56,9.82,11.95,28.536259,77.390427,2650.59,-9.43,2656.56,10.92,11.81,28.535602,77.391125,2655.80,1,Separated,27.65,12.00,188.25,0
2026-06-07T12:53:52.011Z,197,00:01:38,0000,2637.84,74075.58,9.90,12.01,28.536368,77.390476,2637.84,-8.59,2635.65,11.68,11.78,28.535440,77.390912,2634.43,1,Separated,-4.20,8.78,200.19,0
2026-06-07T12:53:52.513Z,198,00:01:38.5,0000,2625.02,74188.44,9.95,12.02,28.534838,77.391192,2625.02,-8.95,2631.61,9.71,11.77,28.535641,77.391032,2632.17,1,Separated,1.86,-3.36,191.39,0
2026-06-07T12:53:53.009Z,199,00:01:39,0000,2612.13,74302.11,10.17,12.00,28.534902,77.390237,2612.13,-8.49,2606.55,10.55,11.76,28.535462,77.391109,2608.95,1,Separated,19.60,9.44,193.27,0
2026-06-07T12:53:53.506Z,200,00:01:39.5,0000,2599.17,74416.59,10.73,11.99,28.535978,77.390212,2599.17,-8.92,2592.82,9.74,11.83,28.535652,77.390996,2594.55,1,Separated,9.55,11.00,194.72,0
2026-06-07T12:53:54.012Z,201,00:01:40,0000,2586.13,74531.87,12.06,12.03,28.535092,77.390281,2586.13,-8.92,2581.81,13.56,11.91,28.535555,77.390879,2580.61,1,Separated,2.65,5.12,191.37,0
2026-06-07T12:53:54.512Z,202,00:01:40.5,0000,2573.03,74647.94,12.11,11.96,28.535763,77.391654,2573.03,-8.60,2580.40,13.03,11.78,28.535617,77.391030,2579.79,1,Separated,-6.00,5.01,205.57,0
2026-06-07T12:53:55.010Z,203,00:01:41,0000,2559.86,74764.78,10.51,11.98,28.536358,77.391594,2559.86,-9.03,2564.15,10.25,11.71,28.535575,77.391032,2564.57,1,Separated,16.16,-11.95,209.01,0
2026-06-07T12:53:55.513Z,204,00:01:41.5,0000,2546.62,74882.40,11.02,11.96,28.535209,77.390882,2546.62,-9.08,2537.25,12.81,11.78,28.535467,77.390968,2535.95,1,Separated,-4.75,3.28,192.25,0
2026-06-07T12:53:56.013Z,205,00:01:42,0000,2533.32,75000.78,11.78,11.96,28.534821,77.390730,2533.32,-9.49,2530.14,11.40,11.82,28.535458,77.391009,2530.99,1,Separated,14.68,-11.13,211.48,0
2026-06-07T12:53:56.514Z,206,00:01:42.5,0000,2519.95,75119.91,11.74,11.94,28.534628,77.390314,2519.95,-8.72,2521.92,11.56,11.78,28.535602,77.391101,2523.42,1,Separated,-14.82,-6.97,207.87,0
2026-06-07T12:53:57.014Z,207,00:01:43,0000,2506.52,75239.79,10.86,12.03,28.535674,77.391251,2506.52,-8.92,2496.95,9.22,11.86,28.535639,77.391096,2497.50,1,Separated,-22.51,-4.81,214.48,0
2026-06-07T12:53:57.515Z,208,00:01:43.5,0000,2493.03,75360.41,12.60,12.03,28.535497,77.392000,2493.03,-8.86,2484.59,12.98,11.91,28.535582,77.391081,2484.80,1,Separated,8.35,-13.23,204.30,0
2026-06-07T12:53:58.015Z,209,00:01:44,0000,2479.49,75481.76,12.70,11.97,28.535789,77.390176,2479.49,-9.10,2472.84,14.50,11.68,28.535549,77.390877,2470.63,1,Separated,24.68,-0.21,209.49,0
2026-06-07T12:53:58.515Z,210,00:01:44.5,0000,2465.88,75603.83,11.54,11.98,28.535475,77.390354,2465.88,-8.53,2459.97,11.13,11.86,28.535358,77.391080,2460.52,1,Separated,12.32,0.00,197.98,0
2026-06-07T12:53:59.014Z,211,00:01:45,0000,2452.21,75726.63,11.96,11.94,28.534924,77.390307,2452.21,-8.69,2459.71,13.30,11.82,28.535404,77.391153,2457.88,1,Separated,24.22,3.14,208.80,0
2026-06-07T12:53:59.513Z,212,00:01:45.5,0000,2438.49,75850.13,11.26,11.98,28.535632,77.391708,2438.49,-8.65,2426.25,10.80,11.74,28.535373,77.391030,2425.91,1,Separated,-26.38,6.01,205.15,0
2026-06-07T12:54:00.013Z,213,00:01:46,0000,2424.71,75974.35,11.45,11.94,28.534471,77.391406,2424.71,-9.52,2427.19,12.66,11.65,28.535430,77.390932,2425.20,1,Separated,13.01,-2.83,200.07,0
2026-06-07T12:54:00.511Z,214,00:01:46.5,0000,2410.88,76099.26,11.90,12.00,28.535685,77.390820,2410.88,-8.96,2408.07,11.99,11.84,28.535615,77.390871,2409.95,1,Separated,18.46,-14.08,210.61,0
2026-06-07T12:54:01.010Z,215,00:01:47,0000,2396.99,76224.88,13.31,11.97,28.535606,77.390876,2396.99,-9.56,2393.88,13.90,11.85,28.535628,77.391077,2392.86,1,Separated,-29.18,-9.23,212.74,0
2026-06-07T12:54:01.508Z,216,00:01:47.5,0000,2383.04,76351.19,12.71,11.98,28.534490,77.391485,2383.04,-8.59,2370.68,12.95,11.70,28.535567,77.391033,2371.69,1,Separated,-23.27,-14.94,209.69,0
2026-06-07T12:54:02.009Z,217,00:01:48,0000,2369.05,76478.18,11.77,12.03,28.535869,77.392036,2369.05,-9.41,2370.16,11.45,11.89,28.535406,77.390981,2371.58,1,Separated,25.95,-1.32,206.73,0
2026-06-07T12:54:02.505Z,218,00:01:48.5,0000,2355.00,76605.86,12.33,11.99,28.536071,77.391531,2355.00,-8.80,2347.39,14.11,11.72,28.535594,77.391010,2346.32,1,Separated,14.56,-14.50,206.73,0
2026-06-07T12:54:03.007Z,219,00:01:49,0000,2340.90,76734.22,13.44,11.96,28.534731,77.390392,2340.90,-8.70,2337.07,13.32,11.67,28.535481,77.391042,2336.34,1,Separated,20.10,-7.85,226.36,0
2026-06-07T12:54:03.519Z,220,00:01:49.5,0000,2326.76,76863.26,13.87,12.01,28.536082,77.390312,2326.76,-9.15,2326.54,15.01,11.82,28.535360,77.391019,2328.72,1,Separated,27.26,-11.44,211.61,0
2026-06-07T12:54:04.005Z,221,00:01:50,0000,2312.56,76992.96,13.23,11.95,28.534908,77.391006,2312.56,-8.61,2306.30,12.02,11.80,28.535356,77.391096,2304.63,1,Separated,15.60,-3.04,226.17,0
2026-06-07T12:54:04.505Z,222,00:01:50.5,0000,2298.31,77123.34,12.71,11.97,28.535145,77.391250,2298.31,-9.05,2298.83,13.21,11.75,28.535431,77.390890,2297.83,1,Separated,-3.04,1.06,214.69,0
2026-06-07T12:54:05.006Z,223,00:01:51,0000,2284.01,77254.37,13.73,12.00,28.534839,77.391401,2284.01,-8.54,2288.04,14.11,11.85,28.535620,77.391028,2289.67,1,Separated,1.19,-2.94,211.03,0
2026-06-07T12:54:05.510Z,224,00:01:51.5,0000,2269.67,77386.07,13.93,11.94,28.535839,77.390685,2269.67,-9.38,2279.11,14.13,11.70,28.535428,77.391060,2279.63,1,Separated,-0.67,-2.00,229.99,0
2026-06-07T12:54:06.007Z,225,00:01:52,0000,2255.28,77518.43,12.49,12.00,28.536524,77.390785,2255.28,-8.58,2253.98,12.80,11.90,28.535641,77.390927,2253.73,1,Separated,-22.93,-2.72,236.34,0
2026-06-07T12:54:06.504Z,226,00:01:52.5,0000,2240.84,77651.45,13.13,12.00,28.534934,77.390623,2240.84,-8.95,2252.16,13.89,11.73,28.535425,77.391103,2253.68,1,Separated,-1.07,-9.67,216.90,0
2026-06-07T12:54:07.007Z,227,00:01:53,0000,2226.36,77785.11,12.87,11.98,28.535389,77.391046,2226.36,-9.43,2231.34,11.12,11.73,28.535552,77.390866,2230.39,1,Separated,-17.80,-8.61,227.63,0
2026-06-07T12:54:07.504Z,228,00:01:53.5,0000,2211.83,77919.43,14.06,11.96,28.536539,77.390875,2211.83,-8.47,2211.56,13.86,11.81,28.535345,77.391022,2209.58,1,Separated,-10.43,6.10,237.97,0
2026-06-07T12:54:08.009Z,229,00:01:54,0000,2197.26,78054.39,12.87,11.98,28.535953,77.392000,2197.26,-9.32,2192.43,13.47,11.75,28.535340,77.390996,2192.36,1,Separated,-24.64,-1.19,226.23,0
2026-06-07T12:54:08.509Z,230,00:01:54.5,0000,2182.64,78190.00,14.00,12.01,28.535514,77.390646,2182.64,-9.54,2174.71,14.15,11.73,28.535563,77.391099,2173.20,1,Separated,23.05,-5.35,219.48,0
2026-06-07T12:54:09.007Z,231,00:01:55,0000,2167.98,78326.24,14.27,11.93,28.535966,77.391146,2167.98,-8.79,2157.69,14.88,11.65,28.535554,77.391173,2158.06,1,Separated,-20.18,-10.28,226.76,0
2026-06-07T12:54:09.507Z,232,00:01:55.5,0000,2153.28,78463.13,13.96,12.01,28.536490,77.390624,2153.28,-9.36,2154.74,13.66,11.90,28.535673,77.390918,2153.11,1,Separated,21.57,7.65,220.72,0
2026-06-07T12:54:10.008Z,233,00:01:56,0000,2138.53,78600.66,15.09,11.95,28.536387,77.390999,2138.53,-9.06,2137.67,16.99,11.68,28.535492,77.390900,2137.08,1,Separated,14.51,-5.56,230.67,0
2026-06-07T12:54:10.508Z,234,00:01:56.5,0000,2123.74,78738.82,14.38,11.99,28.535645,77.391799,2123.74,-9.45,2126.55,12.51,11.70,28.535658,77.390881,2128.44,1,Separated,-7.85,-0.88,235.17,0
2026-06-07T12:54:11.009Z,235,00:01:57,0000,2108.91,78877.62,14.41,11.95,28.535410,77.391753,2108.91,-8.94,2117.40,12.77,11.71,28.535429,77.391052,2117.09,1,Separated,-26.30,-7.84,228.49,0
2026-06-07T12:54:11.509Z,236,00:01:57.5,0000,2094.04,79017.04,14.21,11.98,28.535876,77.390486,2094.04,-8.50,2082.57,12.33,11.81,28.535444,77.390975,2084.29,1,Separated,-12.60,-14.05,237.34,0
2026-06-07T12:54:12.010Z,237,00:01:58,0000,2079.12,79157.10,14.22,11.98,28.535827,77.391529,2079.12,-8.61,2075.34,15.11,11.79,28.535579,77.390901,2075.73,1,Separated,-26.89,-5.75,230.42,0
2026-06-07T12:54:12.510Z,238,00:01:58.5,0000,2064.17,79297.79,14.54,12.01,28.535533,77.391502,2064.17,-9.19,2063.71,16.20,11.76,28.535482,77.390918,2065.02,1,Separated,-25.56,-6.46,230.85,0
2026-06-07T12:54:13.005Z,239,00:01:59,0000,2049.18,79439.10,15.58,12.01,28.535475,77.391032,2049.18,-8.91,2051.84,13.65,11.89,28.535368,77.391155,2049.46,1,Separated,16.16,13.08,248.99,0
2026-06-07T12:54:13.504Z,240,00:01:59.5,0000,2034.15,79581.03,13.83,11.99,28.535504,77.391804,2034.15,-9.15,2026.57,13.71,11.73,28.535641,77.391116,2027.42,1,Separated,-3.60,4.35,226.61,0
2026-06-07T12:54:14.012Z,241,00:02:00,0000,2019.07,79723.60,14.06,11.99,28.536599,77.390649,2019.07,-8.47,2029.09,14.39,11.73,28.535320,77.391042,2028.45,1,Separated,-29.87,2.62,230.70,0
2026-06-07T12:54:14.505Z,242,00:02:0.5,0000,2003.96,79866.78,15.83,11.97,28.536445,77.391246,2003.96,-8.48,1997.19,15.26,11.81,28.535461,77.390879,1998.80,1,Separated,17.07,-3.73,243.92,0
2026-06-07T12:54:15.012Z,243,00:02:01,0000,1988.81,80010.58,15.46,11.96,28.534866,77.390591,1988.81,-9.26,1984.74,14.32,11.76,28.535412,77.390930,1982.45,1,Separated,-14.72,-6.45,232.33,0
2026-06-07T12:54:15.504Z,244,00:02:1.5,0000,1973.63,80155.01,15.75,11.97,28.536243,77.390591,1973.63,-9.28,1969.13,16.55,11.75,28.535667,77.391127,1971.37,1,Separated,20.48,-11.99,234.39,0
2026-06-07T12:54:16.007Z,245,00:02:02,0000,1958.40,80300.05,15.25,11.93,28.535622,77.390913,1958.40,-8.49,1956.22,16.39,11.77,28.535658,77.390825,1954.75,1,Separated,0.71,3.80,243.64,0
2026-06-07T12:54:16.507Z,246,00:02:2.5,0000,1943.14,80445.71,15.01,12.01,28.535977,77.390102,1943.14,-9.09,1938.17,14.61,11.85,28.535350,77.391019,1938.38,1,Separated,2.03,4.27,256.54,0
2026-06-07T12:54:17.010Z,247,00:02:03,0000,1927.84,80591.99,14.74,11.93,28.535617,77.390617,1927.84,-9.05,1930.87,14.41,11.67,28.535678,77.391002,1932.26,1,Separated,3.01,-13.95,252.29,0
2026-06-07T12:54:17.512Z,248,00:02:3.5,0000,1912.51,80738.88,14.61,11.97,28.535694,77.391445,1912.51,-8.70,1907.76,13.21,11.70,28.535469,77.391074,1906.71,1,Separated,17.48,-7.12,248.30,0
2026-06-07T12:54:18.011Z,249,00:02:04,0000,1897.14,80886.39,15.42,12.02,28.534384,77.390956,1897.14,-8.51,1886.75,15.42,11.77,28.535506,77.391173,1887.16,1,Separated,-10.95,10.72,253.21,0
2026-06-07T12:54:18.513Z,250,00:02:4.5,0000,1881.73,81034.51,15.38,11.96,28.534545,77.390374,1881.73,-9.12,1878.23,15.28,11.69,28.535604,77.390919,1879.18,1,Separated,-10.60,-0.73,255.55,0
2026-06-07T12:54:19.015Z,251,00:02:05,0000,1866.29,81183.25,15.90,12.00,28.536419,77.390024,1866.29,-9.24,1861.17,15.38,11.90,28.535651,77.391163,1859.28,1,Separated,-1.77,10.33,238.98,0
2026-06-07T12:54:19.516Z,252,00:02:5.5,0000,1850.81,81332.59,16.93,11.97,28.534613,77.391132,1850.81,-8.53,1859.49,18.35,11.84,28.535483,77.391117,1860.93,1,Separated,-8.33,-6.98,248.15,0
2026-06-07T12:54:20.011Z,253,00:02:06,0000,1835.30,81482.55,16.08,12.02,28.535369,77.390270,1835.30,-8.61,1829.51,17.32,11.79,28.535536,77.391133,1831.58,1,Separated,26.26,-0.66,245.37,0
2026-06-07T12:54:20.507Z,254,00:02:6.5,0000,1819.75,81633.12,16.90,11.96,28.536430,77.391585,1819.75,-8.63,1807.78,15.57,11.67,28.535469,77.390982,1808.76,1,Separated,26.68,6.12,260.98,0
2026-06-07T12:54:21.006Z,255,00:02:07,0000,1804.17,81784.30,16.00,11.94,28.534846,77.391541,1804.17,-9.36,1808.40,15.62,11.65,28.535575,77.390883,1807.83,1,Separated,-11.26,0.82,244.07,0
2026-06-07T12:54:21.507Z,256,00:02:7.5,0000,1788.56,81936.09,17.35,11.99,28.535680,77.391049,1788.56,-8.86,1777.75,18.48,11.86,28.535430,77.390843,1778.90,1,Separated,-13.09,1.82,258.82,0
2026-06-07T12:54:22.017Z,257,00:02:08,0000,1772.91,82088.49,15.51,11.97,28.536144,77.391391,1772.91,-9.11,1781.01,15.08,11.80,28.535678,77.391115,1781.44,1,Separated,22.93,-4.33,256.87,0
2026-06-07T12:54:22.504Z,258,00:02:8.5,0000,1757.23,82241.50,17.00,11.94,28.534574,77.390322,1757.23,-9.21,1749.99,15.43,11.73,28.535468,77.390849,1750.27,1,Separated,-21.54,5.76,254.45,0
2026-06-07T12:54:23.005Z,259,00:02:09,0000,1741.51,82395.12,16.79,11.95,28.534813,77.391360,1741.51,-8.95,1741.79,16.49,11.71,28.535574,77.391077,1740.59,1,Separated,10.72,6.86,268.37,0
2026-06-07T12:54:23.509Z,260,00:02:9.5,0000,1725.77,82549.34,16.12,12.00,28.536044,77.390161,1725.77,-9.26,1731.52,16.55,11.71,28.535455,77.390902,1729.38,1,Separated,26.91,-8.69,249.46,0
2026-06-07T12:54:24.009Z,261,00:02:10,0000,1709.99,82704.17,16.69,11.93,28.535653,77.390352,1709.99,-8.54,1717.32,15.97,11.70,28.535539,77.391171,1718.56,1,Separated,18.02,-6.98,254.86,0
2026-06-07T12:54:24.509Z,262,00:02:10.5,0000,1694.17,82859.62,16.97,11.97,28.535897,77.391058,1694.17,-9.22,1699.74,17.82,11.68,28.535599,77.390878,1699.11,1,Separated,28.85,-10.68,264.53,0
2026-06-07T12:54:25.008Z,263,00:02:11,0000,1678.33,83015.66,16.50,11.97,28.534451,77.391240,1678.33,-9.30,1685.64,15.53,11.79,28.535469,77.391162,1685.97,1,Separated,-5.93,-7.78,267.86,0
2026-06-07T12:54:25.508Z,264,00:02:11.5,0000,1662.45,83172.32,16.70,11.93,28.534507,77.391588,1662.45,-8.75,1655.76,17.05,11.73,28.535344,77.391139,1655.81,1,Separated,14.18,9.66,270.97,0
2026-06-07T12:54:26.008Z,265,00:02:12,0000,1646.55,83329.58,17.43,11.92,28.534434,77.391758,1646.55,-8.54,1655.66,16.70,11.74,28.535513,77.390847,1657.63,1,Separated,4.75,5.38,260.07,0
2026-06-07T12:54:26.509Z,266,00:02:12.5,0000,1630.61,83487.45,17.88,11.95,28.536065,77.391312,1630.61,-9.54,1632.18,17.56,11.74,28.535334,77.391174,1632.76,1,Separated,11.09,-11.92,261.62,0
2026-06-07T12:54:27.011Z,267,00:02:13,0000,1614.64,83645.93,18.15,11.93,28.536294,77.391460,1614.64,-9.19,1608.63,20.08,11.64,28.535610,77.390994,1607.00,1,Separated,-15.16,-0.23,271.35,0
2026-06-07T12:54:27.508Z,268,00:02:13.5,0000,1598.64,83805.01,16.75,11.95,28.535968,77.389948,1598.64,-8.94,1609.89,18.69,11.71,28.535662,77.390990,1610.30,1,Separated,24.86,2.48,258.51,0
2026-06-07T12:54:28.008Z,269,00:02:14,0000,1582.61,83964.70,17.58,11.97,28.536571,77.391830,1582.61,-8.42,1585.99,17.91,11.75,28.535342,77.391162,1584.13,1,Separated,-9.91,12.73,276.44,0
2026-06-07T12:54:28.508Z,270,00:02:14.5,0000,1566.55,84124.99,17.49,11.95,28.535225,77.390649,1566.55,-8.87,1563.34,15.60,11.74,28.535613,77.390921,1564.08,1,Separated,-2.46,9.09,268.48,0
2026-06-07T12:54:29.006Z,271,00:02:15,0000,1550.46,84285.90,17.06,11.98,28.535933,77.390073,1550.46,-9.06,1541.17,17.71,11.80,28.535642,77.390845,1541.67,1,Separated,1.72,-13.67,262.56,0
2026-06-07T12:54:29.506Z,272,00:02:15.5,0000,1534.33,84447.41,18.68,12.00,28.535338,77.390630,1534.33,-9.27,1542.57,17.28,11.89,28.535333,77.390878,1543.17,1,Separated,3.30,-7.03,266.94,0
2026-06-07T12:54:30.006Z,273,00:02:16,0000,1518.18,84609.52,18.61,12.01,28.536418,77.390950,1518.18,-9.38,1508.61,16.90,11.89,28.535328,77.391093,1510.62,1,Separated,-29.37,1.29,273.63,0
2026-06-07T12:54:30.517Z,274,00:02:16.5,0000,1502.00,84772.25,18.35,12.01,28.535125,77.390105,1502.00,-8.74,1514.34,19.69,11.80,28.535439,77.390999,1511.94,1,Separated,-1.12,-6.93,273.31,0
2026-06-07T12:54:31.017Z,275,00:02:17,0000,1485.80,84935.58,17.36,12.00,28.534315,77.390323,1485.80,-9.01,1490.38,18.78,11.88,28.535538,77.391029,1488.15,1,Separated,-25.42,2.64,262.40,0
2026-06-07T12:54:31.510Z,276,00:02:17.5,0000,1469.56,85099.52,18.85,12.00,28.535072,77.391634,1469.56,-9.29,1461.29,18.16,11.85,28.535321,77.391149,1463.64,1,Separated,21.83,7.20,267.90,0
2026-06-07T12:54:32.004Z,277,00:02:18,0000,1453.29,85264.06,18.81,11.93,28.536326,77.390003,1453.29,-9.52,1460.76,20.50,11.74,28.535335,77.390995,1460.60,1,Separated,-2.67,6.48,264.16,0
2026-06-07T12:54:32.504Z,278,00:02:18.5,0000,1436.99,85429.22,19.41,11.97,28.534705,77.390817,1436.99,-8.58,1439.85,21.15,11.70,28.535330,77.390889,1441.57,1,Separated,13.60,12.75,285.99,0
2026-06-07T12:54:33.004Z,279,00:02:19,0000,1420.67,85594.98,19.03,11.94,28.534660,77.390049,1420.67,-9.29,1425.05,17.67,11.65,28.535604,77.391068,1423.98,1,Separated,-3.42,-12.62,270.58,0
2026-06-07T12:54:33.512Z,280,00:02:19.5,0000,1404.32,85761.35,19.22,12.01,28.535557,77.391632,1404.32,-8.41,1415.38,17.73,11.88,28.535560,77.390857,1413.00,1,Separated,-21.61,-10.05,281.87,0
2026-06-07T12:54:34.008Z,281,00:02:20,0000,1387.94,85928.33,18.33,12.00,28.534971,77.391140,1387.94,-8.46,1378.77,18.43,11.87,28.535355,77.390873,1381.19,1,Separated,-21.20,-1.28,276.84,0
2026-06-07T12:54:34.510Z,282,00:02:20.5,0000,1371.53,86095.92,18.20,12.00,28.536609,77.391532,1371.53,-9.49,1368.54,18.49,11.71,28.535658,77.391071,1367.21,1,Separated,-2.62,-1.57,283.92,0
2026-06-07T12:54:35.007Z,283,00:02:21,0000,1355.10,86264.12,19.55,11.93,28.535437,77.390804,1355.10,-9.00,1355.54,20.42,11.82,28.535319,77.391119,1358.01,1,Separated,-1.16,-2.84,282.71,0
2026-06-07T12:54:35.513Z,284,00:02:21.5,0000,1338.63,86432.93,19.98,11.93,28.534302,77.389959,1338.63,-8.41,1336.35,18.61,11.74,28.535441,77.390857,1334.98,1,Separated,-21.37,-7.23,284.19,0
2026-06-07T12:54:36.013Z,285,00:02:22,0000,1322.14,86602.35,18.52,11.99,28.536667,77.392121,1322.14,-8.60,1328.81,20.40,11.72,28.535431,77.390877,1328.29,1,Separated,-27.25,-0.34,293.94,0
2026-06-07T12:54:36.511Z,286,00:02:22.5,0000,1305.63,86772.38,18.96,11.99,28.536299,77.390206,1305.63,-9.21,1313.03,20.36,11.83,28.535324,77.390870,1313.86,1,Separated,-19.01,13.80,282.46,0
2026-06-07T12:54:37.013Z,287,00:02:23,0000,1289.08,86943.02,20.35,11.93,28.535554,77.391546,1289.08,-9.18,1297.64,21.23,11.70,28.535499,77.390937,1296.67,1,Separated,-21.50,-11.79,291.51,0
2026-06-07T12:54:37.515Z,288,00:02:23.5,0000,1272.51,87114.27,19.20,11.99,28.534454,77.390909,1272.51,-9.52,1265.45,18.20,11.79,28.535559,77.391143,1267.77,1,Separated,18.95,2.87,284.08,0
2026-06-07T12:54:38.013Z,289,00:02:24,0000,1255.91,87286.14,19.69,12.00,28.534890,77.389987,1255.91,-8.43,1244.39,21.17,11.74,28.535665,77.390931,1246.58,1,Separated,27.09,-9.41,285.66,0
2026-06-07T12:54:38.517Z,290,00:02:24.5,0000,1239.29,87458.62,20.32,11.97,28.536057,77.391810,1239.29,-8.85,1249.59,19.73,11.79,28.535346,77.390946,1249.14,1,Separated,4.08,8.08,289.21,0
2026-06-07T12:54:39.013Z,291,00:02:25,0000,1222.64,87631.71,19.52,12.01,28.535337,77.391555,1222.64,-9.40,1218.37,19.34,11.89,28.535474,77.391061,1216.24,1,Separated,-21.57,-4.94,300.62,0
2026-06-07T12:54:39.513Z,292,00:02:25.5,0000,1205.97,87805.41,19.76,11.96,28.534543,77.392153,1205.97,-8.66,1209.22,19.56,11.74,28.535675,77.390940,1209.52,1,Separated,-28.63,-14.74,301.24,0
2026-06-07T12:54:40.012Z,293,00:02:26,0000,1189.26,87979.73,20.68,11.96,28.534698,77.390295,1189.26,-8.50,1177.73,19.08,11.76,28.535547,77.390912,1176.45,1,Separated,-16.98,11.88,285.32,0
2026-06-07T12:54:40.508Z,294,00:02:26.5,0000,1172.54,88154.67,20.14,11.99,28.536675,77.390570,1172.54,-8.89,1179.26,20.42,11.70,28.535638,77.391081,1180.33,1,Separated,-25.18,11.33,292.93,0
2026-06-07T12:54:41.013Z,295,00:02:27,0000,1155.78,88330.22,19.59,12.01,28.536631,77.390063,1155.78,-8.99,1150.30,18.99,11.79,28.535611,77.391023,1152.25,1,Separated,-18.36,11.76,284.78,0
2026-06-07T12:54:41.508Z,296,00:02:27.5,0000,1139.01,88506.39,19.96,11.99,28.536721,77.390604,1139.01,-8.74,1142.50,20.66,11.72,28.535601,77.391173,1142.01,1,Separated,18.60,-5.54,307.13,0
2026-06-07T12:54:42.020Z,297,00:02:28,0000,1122.20,88683.17,21.16,11.99,28.534475,77.390598,1122.20,-9.57,1122.50,20.98,11.84,28.535625,77.390944,1123.97,1,Separated,29.12,-9.61,296.58,0
2026-06-07T12:54:42.503Z,298,00:02:28.5,0000,1105.37,88860.58,20.95,11.98,28.535748,77.390017,1105.37,-9.52,1114.14,20.95,11.86,28.535360,77.390887,1114.90,1,Separated,-22.58,-2.28,287.42,0
2026-06-07T12:54:43.004Z,299,00:02:29,0000,1088.52,89038.60,20.58,11.99,28.534507,77.390628,1088.52,-9.46,1076.64,20.50,11.70,28.535509,77.390827,1077.53,1,Separated,16.35,12.59,305.17,0
2026-06-07T12:54:43.505Z,300,00:02:29.5,0000,1071.64,89217.24,20.16,11.96,28.534620,77.390263,1071.64,-8.78,1082.21,22.01,11.67,28.535508,77.391000,1081.40,1,Separated,21.17,14.28,303.76,0
2026-06-07T12:54:44.020Z,301,00:02:30,0000,1054.74,89396.50,20.86,11.93,28.534607,77.390782,1054.74,-9.18,1042.86,22.30,11.70,28.535358,77.390804,1042.01,1,Separated,-18.74,10.30,299.29,0
2026-06-07T12:54:44.515Z,302,00:02:30.5,0000,1037.81,89576.39,21.27,11.96,28.534390,77.391627,1037.81,-8.53,1029.31,21.75,11.73,28.535500,77.390857,1026.88,1,Separated,14.17,6.62,309.35,0
2026-06-07T12:54:45.004Z,303,00:02:31,0000,1020.86,89756.89,21.27,11.98,28.535232,77.391262,1020.86,-9.49,1022.10,22.35,11.85,28.535341,77.391186,1023.61,1,Separated,10.31,9.48,312.54,0
2026-06-07T12:54:45.505Z,304,00:02:31.5,0000,1003.88,89938.02,20.56,11.93,28.536065,77.389956,1003.88,-8.64,1010.25,21.51,11.77,28.535340,77.391166,1008.30,1,Separated,23.71,4.70,308.92,0
2026-06-07T12:54:46.007Z,305,00:02:32,0000,986.88,90119.77,21.12,11.92,28.536168,77.390168,986.88,-9.48,992.17,19.38,11.81,28.535602,77.390834,993.06,1,Separated,-28.06,-10.40,305.13,0
2026-06-07T12:54:46.504Z,306,00:02:32.5,0000,969.86,90302.14,20.77,11.92,28.536407,77.389755,969.86,-9.16,968.18,20.08,11.71,28.535608,77.390866,966.20,1,Separated,8.33,5.53,303.76,0
2026-06-07T12:54:47.012Z,307,00:02:33,0000,952.81,90485.14,21.58,11.92,28.536323,77.389761,952.81,-8.52,958.26,19.73,11.64,28.535374,77.391178,960.65,1,Separated,-1.81,4.05,311.30,0
2026-06-07T12:54:47.507Z,308,00:02:33.5,0000,935.74,90668.77,22.75,11.94,28.534326,77.392133,935.74,-8.84,924.47,23.48,11.80,28.535632,77.390875,923.11,1,Separated,-22.28,3.01,311.09,0
2026-06-07T12:54:48.007Z,309,00:02:34,0000,918.64,90853.02,21.81,12.00,28.534701,77.390651,918.64,-8.65,921.62,20.40,11.83,28.535465,77.390851,923.31,1,Separated,20.60,8.59,304.43,0
2026-06-07T12:54:48.509Z,310,00:02:34.5,0000,901.52,91037.90,22.57,12.01,28.536373,77.390829,901.52,-8.97,892.68,23.63,11.76,28.535574,77.390842,894.95,1,Separated,9.80,14.72,319.76,0
2026-06-07T12:54:49.011Z,311,00:02:35,0000,884.38,91223.41,22.04,12.00,28.534340,77.389889,884.38,-9.39,886.94,22.47,11.73,28.535331,77.390961,884.64,1,Separated,26.60,4.96,318.14,0
2026-06-07T12:54:49.513Z,312,00:02:35.5,0000,867.22,91409.55,21.98,12.01,28.534559,77.391498,867.22,-8.44,877.69,21.25,11.75,28.535526,77.391005,878.55,1,Separated,13.37,2.61,312.75,0
2026-06-07T12:54:50.006Z,313,00:02:36,0000,850.03,91596.32,21.56,12.01,28.534489,77.391493,850.03,-9.43,844.72,20.86,11.73,28.535497,77.391055,843.63,1,Separated,20.86,-13.58,306.63,0
2026-06-07T12:54:50.506Z,314,00:02:36.5,0000,832.82,91783.72,21.69,11.95,28.535844,77.389911,832.82,-8.44,821.79,21.32,11.76,28.535359,77.391002,821.98,1,Separated,-9.16,0.39,319.24,0
2026-06-07T12:54:51.007Z,315,00:02:37,0000,815.58,91971.75,21.91,11.99,28.534762,77.390163,815.58,-9.56,814.05,20.71,11.70,28.535456,77.391116,816.18,1,Separated,21.01,9.80,310.43,0
2026-06-07T12:54:51.505Z,316,00:02:37.5,0000,798.33,92160.42,23.42,11.92,28.535281,77.391390,798.33,-8.40,797.84,21.50,11.70,28.535627,77.390963,798.51,1,Separated,-5.32,12.79,325.90,0
2026-06-07T12:54:52.006Z,317,00:02:38,0000,781.05,92349.72,21.93,11.97,28.534257,77.390489,781.05,-9.12,770.21,22.91,11.68,28.535556,77.391148,772.69,1,Separated,-20.89,11.49,312.67,0
2026-06-07T12:54:52.505Z,318,00:02:38.5,0000,763.75,92539.66,22.17,11.92,28.534407,77.390597,763.75,-9.42,761.91,23.29,11.71,28.535639,77.391061,761.02,1,Separated,4.56,14.65,321.87,0
2026-06-07T12:54:53.019Z,319,00:02:39,0000,746.42,92730.23,23.48,11.93,28.535992,77.392058,746.42,-8.65,752.50,23.71,11.82,28.535475,77.390903,754.31,1,Separated,-20.76,1.62,323.19,0
2026-06-07T12:54:53.505Z,320,00:02:39.5,0000,729.08,92921.44,23.62,11.92,28.536191,77.390374,729.08,-9.41,731.52,24.72,11.74,28.535357,77.391047,733.06,1,Separated,19.30,11.76,309.14,0
2026-06-07T12:54:54.016Z,321,00:02:40,0000,711.71,93113.30,22.48,11.96,28.536577,77.391899,711.71,-9.01,710.91,24.09,11.83,28.535572,77.390880,713.34,1,Separated,-9.37,2.24,317.29,0
2026-06-07T12:54:54.515Z,322,00:02:40.5,0000,694.32,93305.79,22.85,11.92,28.534235,77.391558,694.32,-9.10,696.71,21.48,11.81,28.535401,77.390842,696.97,1,Separated,-16.69,-2.89,323.16,0
2026-06-07T12:54:55.013Z,323,00:02:41,0000,676.90,93498.92,23.19,11.96,28.534356,77.390292,676.90,-8.76,682.54,22.12,11.83,28.535473,77.391028,684.77,1,Separated,-13.82,-12.23,333.49,0
2026-06-07T12:54:55.513Z,324,00:02:41.5,0000,659.47,93692.69,23.88,12.01,28.534462,77.392108,659.47,-8.64,652.16,25.20,11.83,28.535379,77.391174,652.41,1,Separated,-10.08,1.36,315.77,0
2026-06-07T12:54:56.013Z,325,00:02:42,0001,642.01,93887.11,23.82,12.00,28.534258,77.390681,642.01,-8.70,642.89,24.15,11.76,28.535549,77.391031,644.17,1,Separated,-25.92,9.26,330.47,1
2026-06-07T12:54:56.509Z,326,00:02:42.5,0001,624.54,94082.17,24.00,12.00,28.536181,77.390921,624.54,-9.15,627.71,25.21,11.75,28.535676,77.391087,628.25,1,Separated,17.04,-9.58,324.78,1
2026-06-07T12:54:57.010Z,327,00:02:43,0001,607.04,94277.87,23.17,11.98,28.535543,77.392065,607.04,-8.48,594.62,22.66,11.81,28.535377,77.391154,596.62,1,Separated,-26.74,3.87,335.22,1
2026-06-07T12:54:57.509Z,328,00:02:43.5,0001,589.52,94474.23,24.85,11.93,28.536246,77.391317,589.52,-9.59,600.71,26.36,11.68,28.535433,77.391075,600.56,1,Separated,-3.71,2.06,316.93,1
2026-06-07T12:54:58.006Z,329,00:02:44,0001,571.98,94671.23,24.04,11.97,28.534695,77.391484,571.98,-9.27,562.67,22.41,11.85,28.535429,77.390958,564.93,1,Separated,-12.26,-8.21,324.59,1
2026-06-07T12:54:58.507Z,330,00:02:44.5,0001,554.41,94868.88,25.12,11.97,28.535620,77.391010,554.41,-9.22,562.24,26.33,11.82,28.535402,77.390886,560.79,1,Separated,-9.48,-7.81,331.89,1
2026-06-07T12:54:59.009Z,331,00:02:45,0001,536.83,95067.18,24.10,11.92,28.534537,77.390507,536.83,-9.58,547.09,24.23,11.67,28.535502,77.391182,546.66,1,Separated,-8.38,3.73,327.01,1
2026-06-07T12:54:59.507Z,332,00:02:45.5,0001,519.23,95266.13,24.64,11.93,28.535312,77.391960,519.23,-9.14,523.19,23.27,11.76,28.535424,77.390968,522.04,1,Separated,-12.36,-9.11,334.00,1
2026-06-07T12:55:00.006Z,333,00:02:46,0001,501.60,95465.73,25.17,11.98,28.536622,77.391503,501.60,-8.88,495.09,25.81,11.68,28.535520,77.391170,493.17,1,Separated,26.31,11.81,338.27,1
2026-06-07T12:55:00.505Z,334,00:02:46.5,0001,483.96,95665.99,25.65,11.91,28.534952,77.390129,483.96,-9.30,482.54,27.59,11.63,28.535321,77.390795,481.90,1,Separated,-14.70,-0.78,331.02,1
2026-06-07T12:55:01.006Z,335,00:02:47,0001,466.29,95866.90,24.46,11.93,28.534962,77.390744,466.29,-8.52,475.07,25.13,11.71,28.535389,77.391088,472.88,1,Separated,10.97,-13.10,337.30,1
2026-06-07T12:55:01.507Z,336,00:02:47.5,0001,448.60,96068.47,25.31,11.99,28.536618,77.391996,448.60,-9.16,453.30,23.71,11.82,28.535510,77.390863,451.09,1,Separated,-7.21,-11.45,346.32,1
2026-06-07T12:55:02.004Z,337,00:02:48,0001,430.89,96270.70,24.27,11.92,28.535954,77.391118,430.89,-9.58,439.45,22.47,11.78,28.535646,77.391006,440.05,1,Separated,5.02,-5.09,346.58,1
2026-06-07T12:55:02.505Z,338,00:02:48.5,0001,413.17,96473.59,25.24,12.00,28.536349,77.390051,413.17,-8.87,404.07,24.66,11.87,28.535605,77.390905,404.14,1,Separated,-16.50,5.71,342.50,1
2026-06-07T12:55:03.004Z,339,00:02:49,0001,395.42,96677.13,25.88,11.96,28.535471,77.390852,395.42,-8.42,400.40,26.34,11.71,28.535585,77.390791,400.94,1,Separated,-5.05,-11.16,344.23,1
2026-06-07T12:55:03.518Z,340,00:02:49.5,0001,377.65,96881.34,25.23,11.92,28.536034,77.391891,377.65,-8.51,388.18,26.32,11.70,28.535558,77.390805,387.73,1,Separated,24.06,13.05,348.01,1
2026-06-07T12:55:04.017Z,341,00:02:50,0001,359.86,97086.21,25.96,12.00,28.536004,77.390182,359.86,-8.54,350.53,26.18,11.76,28.535422,77.391121,348.10,1,Separated,-20.68,8.99,329.73,1
2026-06-07T12:55:04.504Z,342,00:02:50.5,0001,342.05,97291.75,25.38,12.00,28.535289,77.392219,342.05,-8.53,346.31,24.68,11.84,28.535706,77.391112,345.82,1,Separated,-8.93,-9.95,350.14,1
2026-06-07T12:55:05.004Z,343,00:02:51,0001,324.22,97497.95,25.40,12.00,28.535283,77.390909,324.22,-8.59,317.93,24.68,11.71,28.535362,77.390932,315.84,1,Separated,-22.69,-10.67,332.83,1
2026-06-07T12:55:05.504Z,344,00:02:51.5,0001,306.37,97704.82,25.46,11.94,28.534940,77.391921,306.37,-8.86,300.27,23.66,11.78,28.535444,77.390924,298.50,1,Separated,7.11,-9.54,353.89,1
2026-06-07T12:55:06.005Z,345,00:02:52,0001,288.51,97912.36,26.84,11.95,28.534459,77.389738,288.51,-8.62,277.79,25.99,11.77,28.535491,77.391073,277.63,1,Separated,-26.53,-2.93,351.61,1
2026-06-07T12:55:06.505Z,346,00:02:52.5,0001,270.62,98120.56,26.57,11.98,28.535627,77.391066,270.62,-9.15,264.87,25.48,11.85,28.535457,77.390793,265.09,1,Separated,-13.60,1.41,349.79,1
2026-06-07T12:55:07.005Z,347,00:02:53,0001,252.71,98329.44,26.43,11.97,28.534299,77.391720,252.71,-9.47,241.98,25.81,11.78,28.535605,77.391043,242.08,1,Separated,-24.64,10.83,343.56,1
2026-06-07T12:55:07.506Z,348,00:02:53.5,0001,234.78,98538.99,26.62,11.95,28.534352,77.390481,234.78,-9.55,244.71,28.35,11.74,28.535342,77.390812,244.61,1,Separated,2.03,5.47,334.76,1
2026-06-07T12:55:08.006Z,349,00:02:54,0001,216.84,98749.21,26.82,11.94,28.536391,77.392090,216.84,-9.51,219.50,26.91,11.72,28.535694,77.390857,221.51,1,Separated,26.98,-14.48,345.07,1
2026-06-07T12:55:08.506Z,350,00:02:54.5,0001,198.87,98960.11,27.04,11.97,28.534351,77.389656,198.87,-9.22,198.37,26.31,11.79,28.535328,77.390887,198.66,1,Separated,2.02,7.86,344.17,1
2026-06-07T12:55:09.008Z,351,00:02:55,0001,180.89,99171.69,26.67,11.94,28.536355,77.390112,180.89,-8.47,192.93,24.89,11.66,28.535351,77.390807,194.78,1,Separated,-10.64,13.69,358.40,1
2026-06-07T12:55:09.508Z,352,00:02:55.5,0001,162.88,99383.94,26.62,11.98,28.535908,77.390821,162.88,-9.02,159.28,26.10,11.84,28.535685,77.390880,159.83,1,Separated,19.05,2.24,357.91,1
2026-06-07T12:55:10.008Z,353,00:02:56,0001,144.86,99596.88,27.81,11.96,28.535557,77.391523,144.86,-9.16,154.67,25.90,11.78,28.535355,77.391002,154.51,1,Separated,1.72,3.08,349.33,1
2026-06-07T12:55:10.508Z,354,00:02:56.5,0001,126.82,99810.49,26.54,11.99,28.535367,77.391984,126.82,-8.80,128.87,26.65,11.81,28.535461,77.391051,130.30,1,Separated,29.36,2.96,352.36,1
2026-06-07T12:55:11.011Z,355,00:02:57,0001,108.76,100024.79,27.45,11.94,28.534448,77.392335,108.76,-9.43,101.12,29.30,11.83,28.535525,77.390840,98.94,1,Separated,27.89,7.27,357.92,1
2026-06-07T12:55:11.509Z,356,00:02:57.5,0001,90.68,100239.77,27.89,11.97,28.536311,77.391622,90.68,-9.19,89.83,29.50,11.84,28.535436,77.391193,89.41,1,Separated,1.93,-12.21,358.66,1
2026-06-07T12:55:12.010Z,357,00:02:58,0001,72.58,100455.44,26.56,12.00,28.534991,77.390636,72.58,-9.45,73.93,27.36,11.73,28.535453,77.390981,74.70,1,Separated,9.13,12.52,349.38,1
2026-06-07T12:55:12.510Z,358,00:02:58.5,0001,54.46,100671.80,27.78,11.90,28.536015,77.390321,54.46,-8.48,47.37,27.15,11.70,28.535464,77.390930,46.02,1,Separated,22.82,-2.95,357.58,1
2026-06-07T12:55:13.015Z,359,00:02:59,0001,36.33,100888.84,27.25,12.00,28.534775,77.390205,36.33,-8.94,46.34,28.63,11.72,28.535297,77.390991,47.59,1,Separated,-25.91,-6.04,353.21,1
2026-06-07T12:55:13.517Z,360,00:02:59.5,0000,18.17,101106.57,28.21,11.96,28.534712,77.390710,18.17,-8.54,30.61,28.15,11.83,28.534864,77.391895,30.13,0,Attached,3.71,-0.59,3.25,0
2026-06-07T12:55:14.011Z,361,00:03:00,0000,0.00,101325.00,28.44,12.00,28.536332,77.391472,0.00,-9.46,0.00,28.07,11.82,28.535257,77.391022,1.56,0,Attached,6.53,-1.82,348.52,0
2026-06-07T12:55:14.510Z,362,00:03:0.5,0000,0.00,101325.00,27.24,11.95,28.535881,77.389985,0.00,-8.88,8.30,27.23,11.73,28.534532,77.390120,5.99,0,Attached,8.53,2.67,11.26,0
2026-06-07T12:55:15.008Z,363,00:03:01,0000,0.00,101325.00,28.00,11.94,28.536862,77.391432,0.00,-8.70,2.34,26.80,11.75,28.535615,77.391380,0.42,0,Attached,5.23,3.15,350.10,0
2026-06-07T12:55:15.506Z,364,00:03:1.5,0000,0.00,101325.00,27.64,11.94,28.536505,77.391487,0.00,-8.84,0.00,28.87,11.83,28.536378,77.391888,0.04,0,Attached,-3.43,5.16,4.65,0
2026-06-07T12:55:16.008Z,365,00:03:02,0000,0.00,101325.00,28.13,11.98,28.536506,77.389898,0.00,-8.79,0.00,26.33,11.78,28.535912,77.391323,-2.06,0,Attached,-6.45,1.02,359.39,0
2026-06-07T12:55:16.508Z,366,00:03:2.5,0000,0.00,101325.00,28.52,11.91,28.534766,77.391620,0.00,-8.45,2.88,29.24,11.68,28.534932,77.391818,1.94,0,Attached,2.71,2.93,357.90,0
2026-06-07T12:55:17.005Z,367,00:03:03,0000,0.00,101325.00,27.11,11.98,28.536460,77.391181,0.00,-9.06,6.05,25.61,11.84,28.535671,77.390443,8.34,0,Attached,-1.09,-2.92,8.90,0
2026-06-07T12:55:17.507Z,368,00:03:3.5,0000,0.00,101325.00,27.74,11.92,28.536115,77.391705,0.00,-9.02,0.00,27.97,11.68,28.535433,77.390458,-1.59,0,Attached,6.49,4.00,357.69,0
2026-06-07T12:55:18.004Z,369,00:03:04,0000,0.00,101325.00,27.03,11.93,28.535256,77.392342,0.00,-8.83,4.17,27.19,11.71,28.535302,77.391279,4.09,0,Attached,-2.35,-3.09,8.90,0
2026-06-07T12:55:18.515Z,370,00:03:4.5,0000,0.00,101325.00,28.12,12.00,28.535351,77.390653,0.00,-8.92,0.00,26.94,11.73,28.536373,77.392060,-1.21,0,Attached,8.13,-2.97,356.54,0
2026-06-07T12:55:19.017Z,371,00:03:05,0000,0.00,101325.00,28.36,12.00,28.534775,77.392188,0.00,-8.85,7.37,26.47,11.77,28.535390,77.391664,5.91,0,Attached,-2.49,-3.42,0.97,0
2026-06-07T12:55:19.512Z,372,00:03:5.5,0000,0.00,101325.00,28.75,11.90,28.536882,77.390866,0.00,-9.22,0.00,28.23,11.67,28.536582,77.391097,-1.63,0,Attached,-2.77,-2.89,9.98,0
2026-06-07T12:55:20.016Z,373,00:03:06,0000,0.00,101325.00,28.91,11.96,28.536276,77.389830,0.00,-9.36,1.29,27.51,11.78,28.536056,77.390710,3.53,0,Attached,-6.56,0.60,18.64,0
2026-06-07T12:55:20.516Z,374,00:03:6.5,0000,0.00,101325.00,27.09,11.99,28.535736,77.389896,0.00,-8.66,0.00,27.12,11.72,28.535003,77.390610,1.63,0,Attached,-0.73,2.56,22.39,0
2026-06-07T12:55:21.013Z,375,00:03:07,0000,0.00,101325.00,27.50,11.94,28.535197,77.391272,0.00,-9.00,0.75,26.10,11.78,28.535545,77.390056,0.09,0,Attached,-0.45,-1.10,24.41,0
2026-06-07T12:55:21.513Z,376,00:03:7.5,0000,0.00,101325.00,28.71,11.97,28.536207,77.391093,0.00,-9.08,0.00,29.96,11.79,28.535922,77.392077,-0.12,0,Attached,7.57,-2.02,19.80,0
2026-06-07T12:55:22.016Z,377,00:03:08,0000,0.00,101325.00,27.86,11.97,28.535397,77.390119,0.00,-8.47,0.00,26.19,11.68,28.535080,77.391692,-1.56,0,Attached,-7.99,-1.26,17.05,0
2026-06-07T12:55:22.513Z,378,00:03:8.5,0000,0.00,101325.00,28.91,11.93,28.534621,77.389780,0.00,-8.83,0.00,29.77,11.78,28.535765,77.391726,-2.38,0,Attached,9.10,2.58,11.72,0
2026-06-07T12:55:23.011Z,379,00:03:09,0000,0.00,101325.00,28.32,11.93,28.535770,77.391283,0.00,-9.28,0.84,30.13,11.72,28.535497,77.390639,-0.74,0,Attached,8.71,3.52,8.36,0
2026-06-07T12:55:23.510Z,380,00:03:9.5,0000,0.00,101325.00,28.66,11.92,28.535785,77.391329,0.00,-9.38,0.00,30.01,11.81,28.535746,77.392110,-1.09,0,Attached,-7.72,-0.05,12.19,0
2026-06-07T12:55:24.012Z,381,00:03:10,0000,0.00,101325.00,27.01,11.96,28.536766,77.389915,0.00,-8.77,10.74,28.35,11.68,28.534876,77.391617,11.75,0,Attached,7.19,-2.67,28.44,0
2026-06-07T12:55:24.516Z,382,00:03:10.5,0000,0.00,101325.00,27.82,11.96,28.534313,77.392359,0.00,-9.29,11.57,27.56,11.85,28.536510,77.390971,13.02,0,Attached,-3.54,4.26,24.83,0
2026-06-07T12:55:25.014Z,383,00:03:11,0000,0.00,101325.00,28.50,11.92,28.536760,77.391364,0.00,-9.19,0.00,28.87,11.63,28.535646,77.391896,2.37,0,Attached,3.31,3.72,16.58,0
2026-06-07T12:55:25.510Z,384,00:03:11.5,0000,0.00,101325.00,27.21,11.99,28.536145,77.391580,0.00,-9.18,3.87,28.07,11.83,28.535865,77.391319,5.78,0,Attached,-9.08,-2.36,11.98,0
2026-06-07T12:55:26.013Z,385,00:03:12,0000,0.00,101325.00,28.96,11.94,28.534883,77.392069,0.00,-8.68,7.85,30.18,11.78,28.535867,77.391768,9.38,0,Attached,8.17,-1.03,30.70,0
2026-06-07T12:55:26.505Z,386,00:03:12.5,0000,0.00,101325.00,27.75,11.98,28.535347,77.391115,0.00,-8.84,0.00,27.99,11.80,28.536189,77.390493,-1.41,0,Attached,3.94,-3.32,32.15,0
2026-06-07T12:55:27.013Z,387,00:03:13,0000,0.00,101325.00,28.67,11.94,28.534428,77.390228,0.00,-9.21,0.10,28.75,11.76,28.535080,77.392024,-2.08,0,Attached,-0.87,4.20,37.14,0
2026-06-07T12:55:27.506Z,388,00:03:13.5,0000,0.00,101325.00,28.43,11.96,28.536854,77.390260,0.00,-8.83,0.00,26.92,11.75,28.534864,77.390830,1.60,0,Attached,9.81,4.59,14.92,0
2026-06-07T12:55:28.008Z,389,00:03:14,0000,0.00,101325.00,27.17,11.98,28.536035,77.390621,0.00,-9.19,4.24,25.98,11.74,28.534845,77.390951,2.17,0,Attached,9.00,4.78,16.39,0
2026-06-07T12:55:28.507Z,390,00:03:14.5,0000,0.00,101325.00,28.28,11.93,28.534109,77.390895,0.00,-8.91,0.00,28.07,11.68,28.536590,77.392111,-1.28,0,Attached,5.63,4.88,25.32,0
2026-06-07T12:55:29.007Z,391,00:03:15,0000,0.00,101325.00,28.51,11.94,28.536423,77.390370,0.00,-9.60,10.35,27.71,11.81,28.534718,77.391036,11.71,0,Attached,8.90,2.48,24.65,0
2026-06-07T12:55:29.508Z,392,00:03:15.5,0000,0.00,101325.00,27.30,11.91,28.536850,77.390094,0.00,-8.95,3.28,27.44,11.74,28.535906,77.391888,3.19,0,Attached,-2.68,2.55,21.17,0
2026-06-07T12:55:30.008Z,393,00:03:16,0000,0.00,101325.00,28.08,11.98,28.536234,77.392372,0.00,-9.08,1.18,26.25,11.73,28.534823,77.391405,-0.55,0,Attached,-9.35,-2.52,40.41,0
2026-06-07T12:55:30.509Z,394,00:03:16.5,0000,0.00,101325.00,27.26,11.96,28.535906,77.391584,0.00,-9.41,0.04,28.36,11.81,28.534747,77.390108,-0.55,0,Attached,6.60,0.68,24.32,0
2026-06-07T12:55:31.006Z,395,00:03:17,0000,0.00,101325.00,28.37,11.94,28.535769,77.390724,0.00,-8.72,0.00,27.55,11.76,28.535312,77.390565,0.80,0,Attached,8.56,1.46,34.25,0
2026-06-07T12:55:31.507Z,396,00:03:17.5,0000,0.00,101325.00,28.46,11.95,28.534849,77.390559,0.00,-9.12,0.54,29.37,11.74,28.534672,77.390832,2.51,0,Attached,-1.41,1.95,40.79,0
2026-06-07T12:55:32.018Z,397,00:03:18,0000,0.00,101325.00,28.94,11.97,28.535242,77.391097,0.00,-8.59,5.86,28.02,11.69,28.535177,77.391358,7.39,0,Attached,-3.18,-3.85,28.81,0
2026-06-07T12:55:32.517Z,398,00:03:18.5,0000,0.00,101325.00,28.06,11.90,28.536114,77.389558,0.00,-8.58,10.33,27.88,11.61,28.535844,77.391839,12.62,0,Attached,6.55,-0.27,32.70,0
2026-06-07T12:55:33.004Z,399,00:03:19,0000,0.00,101325.00,27.34,11.98,28.534725,77.391283,0.00,-9.57,0.00,27.79,11.79,28.535124,77.391256,-1.80,0,Attached,6.26,3.75,31.14,0
2026-06-07T12:55:33.517Z,400,00:03:19.5,0000,0.00,101325.00,27.94,11.98,28.536841,77.389896,0.00,-9.59,0.00,28.08,11.76,28.535108,77.391688,-0.71,0,Attached,1.69,-1.35,39.55,0
2026-06-07T12:55:34.015Z,401,00:03:20,0000,0.00,101325.00,27.11,11.95,28.534327,77.391588,0.00,-8.44,8.60,27.35,11.68,28.534990,77.391614,10.33,0,Attached,9.38,2.20,37.27,0
2026-06-07T12:55:34.514Z,402,00:03:20.5,0000,0.00,101325.00,28.19,11.90,28.534903,77.392160,0.00,-8.93,6.80,30.02,11.63,28.535458,77.390688,7.87,0,Attached,-7.56,-4.68,45.03,0
2026-06-07T12:55:35.013Z,403,00:03:21,0000,0.00,101325.00,28.08,11.98,28.536147,77.392089,0.00,-9.01,4.02,27.93,11.77,28.535070,77.391849,1.57,0,Attached,-1.20,4.49,43.11,0
2026-06-07T12:55:35.510Z,404,00:03:21.5,0000,0.00,101325.00,28.09,11.94,28.534540,77.392481,0.00,-8.92,0.00,29.05,11.68,28.536165,77.391559,2.09,0,Attached,-5.46,4.89,31.04,0
2026-06-07T12:55:36.012Z,405,00:03:22,0000,0.00,101325.00,27.31,11.97,28.536427,77.390951,0.00,-9.39,6.93,26.70,11.77,28.536124,77.391232,6.95,0,Attached,0.93,-4.67,42.44,0
2026-06-07T12:55:36.509Z,406,00:03:22.5,0000,0.00,101325.00,27.84,11.90,28.536216,77.389871,0.00,-9.29,6.59,26.79,11.65,28.536015,77.389941,7.55,0,Attached,0.17,1.18,54.71,0
2026-06-07T12:55:37.007Z,407,00:03:23,0000,0.00,101325.00,27.73,11.97,28.535996,77.391190,0.00,-9.51,0.00,28.15,11.86,28.534802,77.391076,2.17,0,Attached,5.24,2.01,34.79,0
2026-06-07T12:55:37.505Z,408,00:03:23.5,0000,0.00,101325.00,28.90,11.92,28.535440,77.391631,0.00,-8.73,5.84,28.67,11.73,28.535812,77.391930,7.76,0,Attached,8.82,1.60,55.78,0
2026-06-07T12:55:38.006Z,409,00:03:24,0000,0.00,101325.00,27.89,11.95,28.536191,77.389571,0.00,-9.22,0.00,28.55,11.81,28.535577,77.391180,0.35,0,Attached,6.62,-1.84,39.94,0
2026-06-07T12:55:38.506Z,410,00:03:24.5,0000,0.00,101325.00,27.25,11.95,28.535813,77.392011,0.00,-9.10,7.67,26.05,11.85,28.535558,77.392180,6.60,0,Attached,6.96,-3.01,53.93,0
2026-06-07T12:55:39.007Z,411,00:03:25,0000,0.00,101325.00,28.36,11.98,28.536541,77.392354,0.00,-8.78,10.96,30.03,11.77,28.535849,77.390253,11.33,0,Attached,-0.28,-1.85,39.61,0
2026-06-07T12:55:39.506Z,412,00:03:25.5,0000,0.00,101325.00,27.71,11.93,28.535233,77.390027,0.00,-8.73,0.00,28.85,11.66,28.536254,77.391933,-0.60,0,Attached,-0.32,4.18,58.53,0
2026-06-07T12:55:40.016Z,413,00:03:26,0000,0.00,101325.00,28.99,11.97,28.535638,77.389864,0.00,-9.37,4.51,27.14,11.77,28.535563,77.391933,2.66,0,Attached,4.65,-2.25,56.13,0
2026-06-07T12:55:40.507Z,414,00:03:26.5,0000,0.00,101325.00,27.84,11.95,28.534294,77.389637,0.00,-9.05,7.40,26.53,11.67,28.535584,77.390740,6.98,0,Attached,-4.07,-2.03,43.79,0
2026-06-07T12:55:41.006Z,415,00:03:27,0000,0.00,101325.00,27.47,11.93,28.535948,77.392212,0.00,-8.45,0.42,27.81,11.68,28.535300,77.390557,2.47,0,Attached,1.06,4.76,55.40,0
2026-06-07T12:55:41.505Z,416,00:03:27.5,0000,0.00,101325.00,28.92,11.97,28.535094,77.392166,0.00,-8.61,0.00,27.72,11.86,28.535374,77.391223,-0.41,0,Attached,2.01,0.27,56.45,0
2026-06-07T12:55:42.005Z,417,00:03:28,0000,0.00,101325.00,28.05,11.92,28.535894,77.392304,0.00,-8.95,5.47,26.50,11.74,28.536177,77.390366,5.16,0,Attached,0.13,-1.58,52.71,0
2026-06-07T12:55:42.518Z,418,00:03:28.5,0000,0.00,101325.00,27.49,11.91,28.536346,77.389474,0.00,-8.56,9.83,28.49,11.78,28.536322,77.390508,9.55,0,Attached,-0.33,-1.03,65.86,0
2026-06-07T12:55:43.019Z,419,00:03:29,0000,0.00,101325.00,27.45,11.88,28.536830,77.391441,0.00,-8.52,10.78,28.38,11.72,28.535130,77.390767,12.62,0,Attached,-8.88,-3.76,50.88,0
2026-06-07T12:55:43.505Z,420,00:03:29.5,0000,0.00,101325.00,28.45,11.94,28.534133,77.390962,0.00,-8.47,12.39,28.98,11.64,28.535360,77.390211,11.82,0,Attached,1.30,3.67,50.02,0
2026-06-07T12:55:44.016Z,421,00:03:30,0000,0.00,101325.00,28.63,11.91,28.536780,77.390604,0.00,-8.75,6.73,27.41,11.69,28.534539,77.390531,4.46,0,Attached,-7.76,0.59,58.31,0
2026-06-07T12:55:44.504Z,422,00:03:30.5,0000,0.00,101325.00,27.39,11.95,28.535353,77.392522,0.00,-8.72,0.00,28.89,11.68,28.536401,77.391581,0.05,0,Attached,-4.32,1.41,58.39,0
2026-06-07T12:55:45.003Z,423,00:03:31,0000,0.00,101325.00,27.62,11.94,28.534032,77.392072,0.00,-9.30,0.93,25.70,11.70,28.534946,77.390582,-0.69,0,Attached,-2.08,-2.24,62.17,0
2026-06-07T12:55:45.511Z,424,00:03:31.5,0000,0.00,101325.00,28.24,11.98,28.535068,77.392296,0.00,-9.21,11.57,29.40,11.69,28.535056,77.390422,9.92,0,Attached,-6.91,-0.89,57.20,0
2026-06-07T12:55:46.012Z,425,00:03:32,0000,0.00,101325.00,28.99,11.91,28.534779,77.392521,0.00,-9.10,0.00,30.44,11.69,28.534526,77.389965,-1.09,0,Attached,-0.32,1.39,67.45,0
2026-06-07T12:55:46.512Z,426,00:03:32.5,0000,0.00,101325.00,28.25,11.96,28.536292,77.390467,0.00,-8.82,0.00,29.85,11.75,28.535537,77.391153,-1.84,0,Attached,3.99,-1.12,54.91,0
2026-06-07T12:55:47.010Z,427,00:03:33,0000,0.00,101325.00,27.71,11.93,28.535636,77.391029,0.00,-8.45,0.00,28.48,11.67,28.536043,77.390210,-1.31,0,Attached,-5.26,1.22,67.56,0
2026-06-07T12:55:47.505Z,428,00:03:33.5,0000,0.00,101325.00,27.14,11.92,28.534926,77.390503,0.00,-8.75,2.69,25.36,11.72,28.535709,77.391768,1.52,0,Attached,5.00,2.61,54.80,0
2026-06-07T12:55:48.006Z,429,00:03:34,0000,0.00,101325.00,27.70,11.93,28.534172,77.391337,0.00,-8.75,7.93,27.00,11.71,28.536613,77.391215,8.00,0,Attached,7.62,-5.06,72.04,0
2026-06-07T12:55:50.261Z,181,00:01:30,0000,2831.17,72394.34,10.25,12.00,28.536049,77.391631,2831.17,-9.06,2821.94,12.10,11.79,28.535492,77.391129,2819.91,1,Separated,12.07,7.68,192.25,0
2026-06-07T12:55:53.596Z,181,00:01:30,0000,2831.17,72394.34,9.35,11.97,28.535144,77.391673,2831.17,-8.65,2837.40,7.72,11.83,28.535394,77.391085,2839.79,1,Separated,4.02,-10.32,185.47,0
2026-06-07T12:55:54.352Z,181,00:01:30,0000,2831.17,72394.34,9.92,11.98,28.535684,77.390458,2831.17,-9.23,2830.65,8.39,11.79,28.535593,77.391115,2830.70,1,Separated,26.66,4.79,173.21,0
2026-06-07T12:55:54.880Z,181,00:01:30,0000,2831.17,72394.34,10.00,11.95,28.535394,77.391156,2831.17,-9.06,2839.88,11.44,11.79,28.535424,77.390924,2841.28,1,Separated,1.18,10.63,192.12,0
2026-06-07T12:55:55.359Z,181,00:01:30,0000,2831.17,72394.34,9.45,11.97,28.535292,77.391842,2831.17,-9.30,2830.82,10.54,11.83,28.535445,77.391054,2831.49,1,Separated,22.36,-10.77,178.18,0
2026-06-07T12:55:55.807Z,181,00:01:30,0000,2831.17,72394.34,10.48,11.99,28.535158,77.390164,2831.17,-8.54,2837.78,8.73,11.78,28.535623,77.391117,2837.51,1,Separated,-7.13,-7.32,178.56,0
2026-06-07T12:55:56.183Z,181,00:01:30,0000,2831.17,72394.34,8.88,11.99,28.535274,77.390594,2831.17,-8.50,2821.63,8.22,11.76,28.535557,77.391159,2820.54,1,Separated,5.19,14.20,177.99,0
2026-06-07T12:55:56.452Z,181,00:01:30,0000,2831.17,72394.34,9.84,12.04,28.536406,77.390670,2831.17,-8.54,2832.62,10.47,11.82,28.535538,77.391153,2832.82,1,Separated,-9.03,0.47,188.01,0
2026-06-07T12:55:56.718Z,181,00:01:30,0000,2831.17,72394.34,8.90,12.02,28.535457,77.391757,2831.17,-9.24,2820.58,7.71,11.89,28.535425,77.390970,2821.02,1,Separated,27.04,9.40,192.02,0